RX,STIOCPMV,Index,Date,Time,FREQ[MHz],SINGLE[kHz],CRS_UF[kHz],CLR_LF[kHz],LEVEL[dBm],AM-MOD./90Hz[%],AM-MOD./150Hz[%],FREQ_90[Hz],FREQ_150[Hz],DDM(90-150)[1],SDM[%],PHI-90/150[°],ID-MOD.[%],ID-F.[Hz],ID-CODE,ID-Per.[s],Last_ID[s],DotLen[ms],DashLen[ms],DotDashGap[ms],Lettergap[ms],LEV_CLR_LF[dBm],LEV_CRS_UF[dBm],AM-MOD_CLR_LF/90Hz[%],AM-MOD_CLR_LF/150Hz[%],FREQ_90_CLR_LF[Hz],FREQ_150_CLR_LF[Hz],DDM_CLR_LF(90-150)[1],SDM_CLR_LF[%],PHI-90/150_CLR_LF[°],AM-MOD_CRS_UF/90Hz[%],AM-MOD_CRS_UF/150Hz[%],FREQ_90_CRS_UF[Hz],FREQ_150_CRS_UF[Hz],DDM_CRS_UF(90-150)[1],SDM_CRS_UF[%],PHI-90/150_CRS_UF[°],PHI-90/90[°],PHI-150/150[°],ResFM90[Hz],ResFM150[Hz],K2/90Hz[%],K2/150Hz[%],K3/90Hz[%],K3/150Hz[%],K4/90Hz[%],K4/150Hz[%],THD/90Hz[%],THD/150Hz[%],AM240[%],GPS_lat.,GPS_long.,GPS_alt[m],GPS_speed[km/h],GPS_date,GPS_time,GPS_Sat,GPS_Status,GPS_Fix,GPS_HDOP,GPS_VDOP,GPS_Und.[m],Temp[°C],MeasTime[ms],MeasMode,LOC_GP,ATT.MODE,DemodOffset_1F[kHz],DemodOffset_CRS[kHz],DemodOffset_CLR[kHz],Autotune_1F,Autotune_CRS,Autotune_CLR,IFBW_Man_WIDE,IFBW_Man_UCLC,BaseBand_Lev[V],BaseBand_DC[V],TrigCounter,I/Q_Position,I/Q_Samples,x
1,  I   MV,4,23.07.2024,16:48:17.847,110.7000,0.0466,-.----,-.----,-82.66,20.20,18.01,-.--,-.--,21.2,38.20,-.--,2.68,-.-,----,-.--,-.--,-.-,-.-,-.-,-.-,-.--,-.--,-.--,-.--,-.--,-.--,-.-,-.--,0.00,-.--,-.--,-.--,-.--,-.-,-.--,0.00,-.--,-.--,10.81,4.81,0.81,4.53,0.81,0.66,0.67,0.89,7.20,26.12,0.82,06 59.48799704' S,107 33.97448024' E,667.20,2.11,23.07.2024,09:49:04.488,5,OK,GPS,1.09,1.75,1.60,55,500,WIDE,LLZ,Auto:Low Noise+,-.-,-.-,-.-,FIXED,OFF,OFF,25KHZ,3KHZ,-.---,-.---,0,-,0,
1,  I   MV,5,23.07.2024,16:48:18.346,110.7000,0.0485,-.----,-.----,-82.57,20.10,18.26,89.99,149.99,17.8,38.35,-1.58,2.97,-.-,----,-.--,-.--,-.-,-.-,-.-,-.-,-.--,-.--,-.--,-.--,-.--,-.--,-.-,-.--,0.00,-.--,-.--,-.--,-.--,-.-,-.--,0.00,-.--,-.--,13.94,7.99,0.64,4.47,0.68,0.97,0.72,0.90,6.46,25.77,0.49,06 59.48791221' S,107 33.97447026' E,667.10,2.06,23.07.2024,09:49:04.987,5,OK,GPS,1.09,1.75,1.60,55,500,WIDE,LLZ,Auto:Low Noise+,-.-,-.-,-.-,FIXED,OFF,OFF,25KHZ,3KHZ,-.---,-.---,0,-,0,
1,  I    V,6,23.07.2024,16:48:18.845,110.7000,0.0466,-.----,-.----,-82.48,19.97,18.25,89.98,149.98,16.7,38.23,-2.28,2.96,-.-,----,-.--,-.--,-.-,-.-,-.-,-.-,-.--,-.--,-.--,-.--,-.--,-.--,-.-,-.--,0.00,-.--,-.--,-.--,-.--,-.-,-.--,0.00,-.--,-.--,10.24,4.45,0.76,4.33,0.62,0.93,0.67,0.79,6.66,24.80,0.88,06 59.48858524' S,107 33.97330120' E,666.85,1.57,23.07.2024,09:49:05.486,6,OK,GPS,0.98,1.74,1.60,55,500,WIDE,LLZ,Auto:Low Noise+,-.-,-.-,-.-,FIXED,OFF,OFF,25KHZ,3KHZ,-.---,-.---,0,-,0,
1,  I   MV,7,23.07.2024,16:48:19.344,110.7000,0.0465,-.----,-.----,-82.54,20.00,18.70,89.96,150.00,12.6,38.70,-3.19,2.83,-.-,----,-.--,-.--,-.-,-.-,-.-,-.-,-.--,-.--,-.--,-.--,-.--,-.--,-.-,-.--,0.00,-.--,-.--,-.--,-.--,-.-,-.--,0.00,-.--,-.--,10.47,4.65,0.80,4.16,0.91,0.71,0.58,0.77,7.56,23.11,0.73,06 59.48875490' S,107 33.97290200' E,666.70,1.37,23.07.2024,09:49:05.985,6,OK,GPS,0.98,1.74,1.60,55,500,WIDE,LLZ,Auto:Low Noise+,-.-,-.-,-.-,FIXED,OFF,OFF,25KHZ,3KHZ,-.---,-.---,0,-,0,
1,  I    V,8,23.07.2024,16:48:19.843,110.7000,0.0485,-.----,-.----,-81.20,20.15,19.63,90.06,150.01,5.0,39.78,-1.30,2.01,-.-,----,-.--,-.--,-.-,-.-,-.-,-.-,-.--,-.--,-.--,-.--,-.--,-.--,-.-,-.--,0.00,-.--,-.--,-.--,-.--,-.-,-.--,0.00,-.--,-.--,10.23,7.58,0.64,3.88,0.67,0.81,0.77,0.75,6.63,20.69,0.65,06 59.48882068' S,107 33.97268088' E,667.00,1.55,23.07.2024,09:49:06.484,6,OK,GPS,0.98,1.74,1.60,55,500,WIDE,LLZ,Auto:Low Noise+,-.-,-.-,-.-,FIXED,OFF,OFF,25KHZ,3KHZ,-.---,-.---,0,-,0,
1,  I    V,9,23.07.2024,16:48:20.343,110.7000,0.0485,-.----,-.----,-80.96,19.72,19.53,90.00,150.00,1.8,39.24,-1.60,2.27,-.-,----,-.--,-.--,-.-,-.-,-.-,-.-,-.--,-.--,-.--,-.--,-.--,-.--,-.-,-.--,0.00,-.--,-.--,-.--,-.--,-.-,-.--,0.00,-.--,-.--,9.75,7.30,0.71,3.67,0.75,0.90,0.70,0.69,6.81,19.92,0.74,06 59.48895568' S,107 33.97234088' E,667.00,1.48,23.07.2024,09:49:06.984,6,OK,GPS,0.98,1.74,1.60,55,500,WIDE,LLZ,Auto:Low Noise+,-.-,-.-,-.-,FIXED,OFF,OFF,25KHZ,3KHZ,-.---,-.---,0,-,0,
1,  I    V,10,23.07.2024,16:48:20.843,110.7000,0.0465,-.----,-.----,-81.25,19.63,19.66,90.00,150.00,-0.3,39.29,-0.64,1.94,-.-,----,-.--,-.--,-.-,-.-,-.-,-.-,-.--,-.--,-.--,-.--,-.--,-.--,-.-,-.--,0.00,-.--,-.--,-.--,-.--,-.-,-.--,0.00,-.--,-.--,6.51,3.69,0.52,3.66,0.67,0.81,0.68,0.69,6.05,19.55,0.85,06 59.48955072' S,107 33.97269836' E,666.85,-0.04,23.07.2024,09:49:07.484,6,OK,GPS,0.98,1.74,1.60,55,500,WIDE,LLZ,Auto:Low Noise+,-.-,-.-,-.-,FIXED,OFF,OFF,25KHZ,3KHZ,-.---,-.---,0,-,0,
1,  I    V,11,23.07.2024,16:48:21.342,110.7000,0.0465,-.----,-.----,-81.95,20.00,20.02,90.00,150.00,-0.2,40.02,-2.42,1.97,-.-,----,-.--,-.--,-.-,-.-,-.-,-.-,-.--,-.--,-.--,-.--,-.--,-.--,-.-,-.--,0.00,-.--,-.--,-.--,-.--,-.-,-.--,0.00,-.--,-.--,8.26,5.05,0.70,4.15,0.71,0.71,0.57,0.69,6.58,21.42,0.48,06 59.48984014' S,107 33.97259357' E,666.80,-0.61,23.07.2024,09:49:07.983,6,OK,GPS,0.98,1.74,1.60,55,500,WIDE,LLZ,Auto:Low Noise+,-.-,-.-,-.-,FIXED,OFF,OFF,25KHZ,3KHZ,-.---,-.---,0,-,0,
1,  I    V,12,23.07.2024,16:48:21.842,110.7000,0.0486,-.----,-.----,-82.07,19.81,19.91,90.02,150.00,-0.9,39.72,-0.63,2.18,-.-,----,-.--,-.--,-.-,-.-,-.-,-.-,-.--,-.--,-.--,-.--,-.--,-.--,-.-,-.--,0.00,-.--,-.--,-.--,-.--,-.-,-.--,0.00,-.--,-.--,8.95,5.81,0.70,4.30,0.83,0.87,0.59,0.95,6.92,22.66,0.81,06 59.48967041' S,107 33.97231061' E,666.60,0.49,23.07.2024,09:49:08.483,6,OK,GPS,0.98,1.74,1.60,55,500,WIDE,LLZ,Auto:Low Noise+,-.-,-.-,-.-,FIXED,OFF,OFF,25KHZ,3KHZ,-.---,-.---,0,-,0,
1,  I    V,13,23.07.2024,16:48:22.343,110.7000,0.0465,-.----,-.----,-82.00,20.17,20.32,90.00,150.01,-1.5,40.49,-1.88,1.99,-.-,----,-.--,-.--,-.-,-.-,-.-,-.-,-.--,-.--,-.--,-.--,-.--,-.--,-.-,-.--,0.00,-.--,-.--,-.--,-.--,-.-,-.--,0.00,-.--,-.--,7.28,3.64,0.60,4.56,0.68,0.63,0.60,0.79,6.11,23.17,0.63,06 59.48980568' S,107 33.97214528' E,666.50,0.49,23.07.2024,09:49:08.984,6,OK,GPS,0.98,1.74,1.60,55,500,WIDE,LLZ,Auto:Low Noise+,-.-,-.-,-.-,FIXED,OFF,OFF,25KHZ,3KHZ,-.---,-.---,0,-,0,
1,  I    V,14,23.07.2024,16:48:22.843,110.7000,0.0465,-.----,-.----,-82.06,19.81,20.48,90.01,150.00,-6.5,40.30,-1.16,1.85,-.-,----,-.--,-.--,-.-,-.-,-.-,-.-,-.--,-.--,-.--,-.--,-.--,-.--,-.-,-.--,0.00,-.--,-.--,-.--,-.--,-.-,-.--,0.00,-.--,-.--,7.17,3.72,0.65,4.86,0.62,0.78,0.67,0.84,6.30,24.52,0.74,06 59.48985164' S,107 33.97236612' E,666.70,0.37,23.07.2024,09:49:09.484,6,OK,GPS,0.98,1.74,1.60,55,500,WIDE,LLZ,Auto:Low Noise+,-.-,-.-,-.-,FIXED,OFF,OFF,25KHZ,3KHZ,-.---,-.---,0,-,0,
1,  I    V,15,23.07.2024,16:48:23.343,110.7000,0.0465,-.----,-.----,-82.36,19.83,21.02,90.00,149.99,-11.5,40.84,-0.43,1.83,-.-,----,-.--,-.--,-.-,-.-,-.-,-.-,-.--,-.--,-.--,-.--,-.--,-.--,-.-,-.--,0.00,-.--,-.--,-.--,-.--,-.-,-.--,0.00,-.--,-.--,7.86,4.21,0.86,5.20,0.88,0.76,0.56,0.94,7.32,25.56,0.63,06 59.48995664' S,107 33.97233112' E,666.70,0.33,23.07.2024,09:49:09.984,6,OK,GPS,0.98,1.74,1.60,55,500,WIDE,LLZ,Auto:Low Noise+,-.-,-.-,-.-,FIXED,OFF,OFF,25KHZ,3KHZ,-.---,-.---,0,-,0,
1,  I    V,16,23.07.2024,16:48:23.843,110.7000,0.0465,-.----,-.----,-82.32,19.69,20.96,90.01,150.01,-12.3,40.65,2.74,2.10,-.-,----,-.--,-.--,-.-,-.-,-.-,-.-,-.--,-.--,-.--,-.--,-.--,-.--,-.-,-.--,0.00,-.--,-.--,-.--,-.--,-.-,-.--,0.00,-.--,-.--,8.01,4.24,0.71,5.34,0.71,0.59,0.71,0.97,6.88,26.10,0.67,06 59.49056620' S,107 33.97208836' E,666.85,0.28,23.07.2024,09:49:10.484,6,OK,GPS,0.98,1.74,1.60,55,500,WIDE,LLZ,Auto:Low Noise+,-.-,-.-,-.-,FIXED,OFF,OFF,25KHZ,3KHZ,-.---,-.---,0,-,0,
1,  I    V,17,23.07.2024,16:48:24.344,110.7000,0.0466,-.----,-.----,-81.54,20.10,20.41,90.03,150.01,-3.1,40.51,2.52,1.71,-.-,----,-.--,-.--,-.-,-.-,-.-,-.-,-.--,-.--,-.--,-.--,-.--,-.--,-.-,-.--,0.00,-.--,-.--,-.--,-.--,-.-,-.--,0.00,-.--,-.--,6.98,3.64,0.70,4.66,0.80,0.67,0.74,1.38,7.03,24.26,0.56,06 59.49084175' S,107 33.97198315' E,666.90,0.24,23.07.2024,09:49:10.985,6,OK,GPS,0.98,1.74,1.60,55,500,WIDE,LLZ,Auto:Low Noise+,-.-,-.-,-.-,FIXED,OFF,OFF,25KHZ,3KHZ,-.---,-.---,0,-,0,
1,  I    V,18,23.07.2024,16:48:24.844,110.7000,0.0466,-.----,-.----,-81.94,19.85,19.55,90.03,150.02,2.9,39.40,4.37,1.80,-.-,----,-.--,-.--,-.-,-.-,-.-,-.-,-.--,-.--,-.--,-.--,-.--,-.--,-.-,-.--,0.00,-.--,-.--,-.--,-.--,-.-,-.--,0.00,-.--,-.--,6.96,3.59,0.79,4.54,0.89,0.75,0.66,0.76,7.62,23.98,0.54,06 59.49102765' S,107 33.97181875' E,666.95,0.89,23.07.2024,09:49:11.485,6,OK,GPS,0.98,1.74,1.60,55,500,WIDE,LLZ,Auto:Low Noise+,-.-,-.-,-.-,FIXED,OFF,OFF,25KHZ,3KHZ,-.---,-.---,0,-,0,
1,  I    V,19,23.07.2024,16:48:25.344,110.7000,0.0465,-.----,-.----,-82.04,20.01,18.96,90.01,149.99,10.1,38.97,4.23,2.01,-.-,----,-.--,-.--,-.-,-.-,-.-,-.-,-.--,-.--,-.--,-.--,-.--,-.--,-.-,-.--,0.00,-.--,-.--,-.--,-.--,-.-,-.--,0.00,-.--,-.--,7.22,4.21,0.67,4.34,0.66,0.71,0.60,0.99,6.24,23.95,0.66,06 59.49127265' S,107 33.97169375' E,667.00,1.08,23.07.2024,09:49:11.985,6,OK,GPS,0.98,1.74,1.60,55,500,WIDE,LLZ,Auto:Low Noise+,-.-,-.-,-.-,FIXED,OFF,OFF,25KHZ,3KHZ,-.---,-.---,0,-,0,
1,  I    V,20,23.07.2024,16:48:25.844,110.7000,0.0465,-.----,-.----,-81.66,19.98,18.47,90.01,149.98,14.6,38.45,1.79,1.85,-.-,----,-.--,-.--,-.-,-.-,-.-,-.-,-.--,-.--,-.--,-.--,-.--,-.--,-.-,-.--,0.00,-.--,-.--,-.--,-.--,-.-,-.--,0.00,-.--,-.--,7.17,3.63,0.66,4.32,0.75,0.53,0.60,0.79,6.40,24.07,0.53,06 59.49154735' S,107 33.97146480' E,666.90,1.49,23.07.2024,09:49:12.485,6,OK,GPS,0.98,1.74,1.60,55,500,WIDE,LLZ,Auto:Low Noise+,-.-,-.-,-.-,FIXED,OFF,OFF,25KHZ,3KHZ,-.---,-.---,0,-,0,
1,  I   MV,21,23.07.2024,16:48:26.344,110.7000,0.0465,-.----,-.----,-80.76,19.91,18.88,90.01,149.98,10.0,38.78,-0.07,1.80,-.-,----,-.--,-.--,-.-,-.-,-.-,-.-,-.--,-.--,-.--,-.--,-.--,-.--,-.-,-.--,0.00,-.--,-.--,-.--,-.--,-.-,-.--,0.00,-.--,-.--,5.54,3.34,0.52,4.06,0.74,0.53,0.43,0.88,5.64,22.37,0.47,06 59.49180235' S,107 33.97130480' E,666.90,1.75,23.07.2024,09:49:12.985,6,OK,GPS,0.98,1.74,1.60,55,500,WIDE,LLZ,Auto:Low Noise+,-.-,-.-,-.-,FIXED,OFF,OFF,25KHZ,3KHZ,-.---,-.---,0,-,0,
1,  I    V,22,23.07.2024,16:48:26.845,110.7000,0.0466,-.----,-.----,-81.41,19.98,18.79,90.01,150.00,11.5,38.78,-2.77,2.18,-.-,----,-.--,-.--,-.-,-.-,-.-,-.-,-.--,-.--,-.--,-.--,-.--,-.--,-.-,-.--,0.00,-.--,-.--,-.--,-.--,-.-,-.--,0.00,-.--,-.--,6.02,3.16,0.74,3.91,0.96,0.77,0.65,0.76,7.59,21.77,0.59,06 59.49103252' S,107 33.97139710' E,666.45,-0.49,23.07.2024,09:49:13.486,6,OK,GPS,0.98,1.74,1.60,55,500,WIDE,LLZ,Auto:Low Noise+,-.-,-.-,-.-,FIXED,OFF,OFF,25KHZ,3KHZ,-.---,-.---,0,-,0,
1,  I   MV,23,23.07.2024,16:48:27.345,110.7000,0.0465,-.----,-.----,-82.36,19.93,18.82,90.02,150.00,10.7,38.74,-2.06,2.37,-.-,----,-.--,-.--,-.-,-.-,-.-,-.-,-.--,-.--,-.--,-.--,-.--,-.--,-.-,-.--,0.00,-.--,-.--,-.--,-.--,-.-,-.--,0.00,-.--,-.--,6.91,3.96,0.75,4.51,0.69,0.62,0.80,0.81,7.37,24.72,0.71,06 59.49094252' S,107 33.97132210' E,666.30,-1.07,23.07.2024,09:49:13.986,6,OK,GPS,0.98,1.74,1.60,55,500,WIDE,LLZ,Auto:Low Noise+,-.-,-.-,-.-,FIXED,OFF,OFF,25KHZ,3KHZ,-.---,-.---,0,-,0,
1,  I    V,24,23.07.2024,16:48:27.845,110.7000,0.0466,-.----,-.----,-82.93,19.79,19.62,90.01,150.01,1.7,39.41,-3.97,3.05,-.-,----,-.--,-.--,-.-,-.-,-.-,-.-,-.--,-.--,-.--,-.--,-.--,-.--,-.-,-.--,0.00,-.--,-.--,-.--,-.--,-.-,-.--,0.00,-.--,-.--,8.47,5.00,0.70,4.86,0.84,1.11,0.73,1.05,7.60,26.41,0.88,06 59.49169954' S,107 33.97118766' E,666.60,0.69,23.07.2024,09:49:14.486,6,OK,GPS,0.98,1.74,1.60,55,500,WIDE,LLZ,Auto:Low Noise+,-.-,-.-,-.-,FIXED,OFF,OFF,25KHZ,3KHZ,-.---,-.---,0,-,0,
1,  I    V,25,23.07.2024,16:48:28.344,110.7000,0.0445,-.----,-.----,-83.29,20.21,19.28,89.94,150.00,9.0,39.50,-2.68,3.02,-.-,----,-.--,-.--,-.-,-.-,-.-,-.-,-.--,-.--,-.--,-.--,-.--,-.--,-.-,-.--,0.00,-.--,-.--,-.--,-.--,-.-,-.--,0.00,-.--,-.--,11.82,8.31,0.67,5.59,0.94,1.20,0.82,1.07,7.65,30.56,0.85,06 59.49189415' S,107 33.97109285' E,666.60,0.90,23.07.2024,09:49:14.985,6,OK,GPS,0.98,1.74,1.60,55,500,WIDE,LLZ,Auto:Low Noise+,-.-,-.-,-.-,FIXED,OFF,OFF,25KHZ,3KHZ,-.---,-.---,0,-,0,
1,  I    V,26,23.07.2024,16:48:28.844,110.7000,0.0426,-.----,-.----,-83.81,19.45,19.74,90.01,149.99,-2.8,39.19,-2.72,3.15,-.-,----,-.--,-.--,-.-,-.-,-.-,-.-,-.--,-.--,-.--,-.--,-.--,-.--,-.-,-.--,0.00,-.--,-.--,-.--,-.--,-.-,-.--,0.00,-.--,-.--,15.32,11.46,0.97,6.16,0.78,0.90,0.85,1.05,8.57,32.05,0.91,06 59.49263860' S,107 33.97081965' E,667.19,1.36,23.07.2024,09:49:15.485,7,OK,GPS,0.91,1.67,1.60,55,500,WIDE,LLZ,Auto:Low Noise+,-.-,-.-,-.-,FIXED,OFF,OFF,25KHZ,3KHZ,-.---,-.---,0,-,0,
1,  I    V,27,23.07.2024,16:48:29.344,110.7000,0.0465,-.----,-.----,-83.35,19.84,19.69,90.00,150.01,1.5,39.52,-2.87,3.06,-.-,----,-.--,-.--,-.-,-.-,-.-,-.-,-.--,-.--,-.--,-.--,-.--,-.--,-.-,-.--,0.00,-.--,-.--,-.--,-.--,-.-,-.--,0.00,-.--,-.--,11.40,6.08,0.97,6.49,0.98,1.10,1.01,1.36,9.71,34.35,0.93,06 59.49301860' S,107 33.97066465' E,667.39,1.65,23.07.2024,09:49:15.985,7,OK,GPS,0.91,1.67,1.60,55,500,WIDE,LLZ,Auto:Low Noise+,-.-,-.-,-.-,FIXED,OFF,OFF,25KHZ,3KHZ,-.---,-.---,0,-,0,
1,  I    V,28,23.07.2024,16:48:29.844,110.7000,0.0446,-.----,-.----,-82.64,19.56,20.06,89.93,150.00,-4.8,39.61,-1.26,2.99,-.-,----,-.--,-.--,-.-,-.-,-.-,-.-,-.--,-.--,-.--,-.--,-.--,-.--,-.-,-.--,0.00,-.--,-.--,-.--,-.--,-.-,-.--,0.00,-.--,-.--,13.85,7.76,0.72,6.05,0.88,0.97,0.62,1.09,7.19,31.17,0.59,06 59.49344315' S,107 33.97108880' E,667.45,2.53,23.07.2024,09:49:16.485,7,OK,GPS,0.91,1.67,1.60,55,500,WIDE,LLZ,Auto:Low Noise+,-.-,-.-,-.-,FIXED,OFF,OFF,25KHZ,3KHZ,-.---,-.---,0,-,0,
1,  I    V,29,23.07.2024,16:48:30.344,110.7000,0.0465,-.----,-.----,-82.71,19.66,20.40,90.00,150.01,-7.2,40.05,0.02,2.41,-.-,----,-.--,-.--,-.-,-.-,-.-,-.-,-.--,-.--,-.--,-.--,-.--,-.--,-.-,-.--,0.00,-.--,-.--,-.--,-.--,-.-,-.--,0.00,-.--,-.--,11.56,5.13,0.78,5.61,0.73,1.03,0.69,1.05,6.92,28.64,0.62,06 59.49383815' S,107 33.97112880' E,667.60,3.02,23.07.2024,09:49:16.985,7,OK,GPS,0.91,1.67,1.60,55,500,WIDE,LLZ,Auto:Low Noise+,-.-,-.-,-.-,FIXED,OFF,OFF,25KHZ,3KHZ,-.---,-.---,0,-,0,
1,  I    V,30,23.07.2024,16:48:30.844,110.7000,0.0512,-.----,-.----,-83.86,19.57,20.79,89.90,150.01,-11.8,40.35,0.24,3.64,-.-,----,-.--,-.--,-.-,-.-,-.-,-.-,-.--,-.--,-.--,-.--,-.--,-.--,-.-,-.--,0.00,-.--,-.--,-.--,-.--,-.-,-.--,0.00,-.--,-.--,31.58,20.79,1.00,6.32,0.71,1.46,1.16,1.32,9.42,32.06,1.13,06 59.49316395' S,107 33.97082725' E,668.19,0.36,23.07.2024,09:49:17.485,7,OK,GPS,0.91,1.67,1.60,55,500,WIDE,LLZ,Auto:Low Noise+,-.-,-.-,-.-,FIXED,OFF,OFF,25KHZ,3KHZ,-.---,-.---,0,-,0,
1,  I    V,31,23.07.2024,16:48:31.344,110.7000,0.0582,-.----,-.----,-83.99,20.06,20.51,89.95,150.01,-4.4,40.57,2.65,3.94,-.-,----,-.--,-.--,-.-,-.-,-.-,-.-,-.--,-.--,-.--,-.--,-.--,-.--,-.-,-.--,0.00,-.--,-.--,-.--,-.--,-.-,-.--,0.00,-.--,-.--,24.88,27.38,1.08,2.31,0.92,0.72,1.00,1.86,10.94,15.64,1.35,06 59.49319895' S,107 33.97075225' E,668.49,-0.21,23.07.2024,09:49:17.985,7,OK,GPS,0.91,1.67,1.60,55,500,WIDE,LLZ,Auto:Low Noise+,-.-,-.-,-.-,FIXED,OFF,OFF,25KHZ,3KHZ,-.---,-.---,0,-,0,
1,  I   MV,32,23.07.2024,16:48:31.844,110.7000,0.0487,-.----,-.----,-84.46,20.26,20.18,90.04,150.01,0.8,40.44,-55.98,4.31,-.-,----,-.--,-.--,-.-,-.-,-.-,-.-,-.--,-.--,-.--,-.--,-.--,-.--,-.-,-.--,0.00,-.--,-.--,-.--,-.--,-.-,-.--,0.00,-.--,-.--,11.72,13.33,1.42,2.26,0.92,0.82,0.82,2.45,11.01,17.99,1.20,06 59.49296665' S,107 33.97069210' E,669.09,0.45,23.07.2024,09:49:18.485,7,OK,GPS,0.91,1.67,1.60,56,500,WIDE,LLZ,Auto:Low Noise+,-.-,-.-,-.-,FIXED,OFF,OFF,25KHZ,3KHZ,-.---,-.---,0,-,0,
1,  I   MV,33,23.07.2024,16:48:32.344,110.7000,0.0620,-.----,-.----,-85.91,20.42,19.12,90.02,150.02,12.5,39.54,-57.34,4.56,-.-,----,-.--,-.--,-.-,-.-,-.-,-.-,-.--,-.--,-.--,-.--,-.--,-.--,-.-,-.--,0.00,-.--,-.--,-.--,-.--,-.-,-.--,0.00,-.--,-.--,50.37,60.57,1.30,5.49,1.30,0.98,1.13,1.51,13.42,31.10,1.24,06 59.49291165' S,107 33.97062210' E,669.49,0.30,23.07.2024,09:49:18.985,7,OK,GPS,0.91,1.67,1.60,56,500,WIDE,LLZ,Auto:Low Noise+,-.-,-.-,-.-,FIXED,OFF,OFF,25KHZ,3KHZ,-.---,-.---,0,-,0,
1,  I    V,34,23.07.2024,16:48:32.844,110.7000,0.0490,-.----,-.----,-84.30,20.10,19.09,90.04,149.97,9.7,39.19,6.02,3.80,-.-,----,-.--,-.--,-.-,-.-,-.-,-.-,-.--,-.--,-.--,-.--,-.--,-.--,-.-,-.--,0.00,-.--,-.--,-.--,-.--,-.-,-.--,0.00,-.--,-.--,13.76,12.72,0.99,3.86,1.11,1.03,0.80,1.32,9.56,22.90,0.92,06 59.49294575' S,107 33.97090850' E,669.29,0.98,23.07.2024,09:49:19.485,7,OK,GPS,0.91,1.67,1.60,56,500,WIDE,LLZ,Auto:Low Noise+,-.-,-.-,-.-,FIXED,OFF,OFF,25KHZ,3KHZ,-.---,-.---,0,-,0,
1,  I   MV,35,23.07.2024,16:48:33.344,110.7000,0.0465,-.----,-.----,-83.09,19.69,18.78,90.00,149.99,8.8,38.46,1.20,2.48,-.-,----,-.--,-.--,-.-,-.-,-.-,-.-,-.--,-.--,-.--,-.--,-.--,-.--,-.-,-.--,0.00,-.--,-.--,-.--,-.--,-.-,-.--,0.00,-.--,-.--,8.20,9.32,0.81,3.17,0.86,1.18,0.79,1.29,8.09,20.50,0.69,06 59.49292075' S,107 33.97095850' E,669.49,1.11,23.07.2024,09:49:19.985,7,OK,GPS,0.91,1.67,1.60,56,500,WIDE,LLZ,Auto:Low Noise+,-.-,-.-,-.-,FIXED,OFF,OFF,25KHZ,3KHZ,-.---,-.---,0,-,0,
1,  I   MV,36,23.07.2024,16:48:33.844,110.7000,0.0506,-.----,-.----,-84.82,20.55,17.83,90.01,150.00,26.3,38.37,57.49,3.53,-.-,----,-.--,-.--,-.-,-.-,-.-,-.-,-.--,-.--,-.--,-.--,-.--,-.--,-.-,-.--,0.00,-.--,-.--,-.--,-.--,-.-,-.--,0.00,-.--,-.--,14.32,13.69,1.60,3.88,0.76,1.25,0.97,1.45,12.23,24.88,1.24,06 59.49334125' S,107 33.97097880' E,669.99,0.20,23.07.2024,09:49:20.485,7,OK,GPS,0.91,1.67,1.60,55,500,WIDE,LLZ,Auto:Low Noise+,-.-,-.-,-.-,FIXED,OFF,OFF,25KHZ,3KHZ,-.---,-.---,0,-,0,
1,  I    V,37,23.07.2024,16:48:34.344,110.7000,0.0467,-.----,-.----,-82.28,20.21,18.75,90.04,150.00,14.1,38.96,1.17,3.02,-.-,----,-.--,-.--,-.-,-.-,-.-,-.-,-.--,-.--,-.--,-.--,-.--,-.--,-.-,-.--,0.00,-.--,-.--,-.--,-.--,-.-,-.--,0.00,-.--,-.--,6.72,6.43,0.88,1.41,0.70,0.95,0.85,1.19,8.28,11.60,0.65,06 59.49346625' S,107 33.97101880' E,670.29,-0.02,23.07.2024,09:49:20.985,7,OK,GPS,0.91,1.67,1.60,55,500,WIDE,LLZ,Auto:Low Noise+,-.-,-.-,-.-,FIXED,OFF,OFF,25KHZ,3KHZ,-.---,-.---,0,-,0,
1,  I   MV,38,23.07.2024,16:48:34.844,110.7000,0.0465,-.----,-.----,-81.57,19.96,18.78,90.01,150.00,11.4,38.74,0.82,2.31,-.-,----,-.--,-.--,-.-,-.-,-.-,-.-,-.--,-.--,-.--,-.--,-.--,-.--,-.-,-.--,0.00,-.--,-.--,-.--,-.--,-.-,-.--,0.00,-.--,-.--,9.20,6.98,0.77,1.26,0.70,0.83,0.82,1.43,7.21,11.47,0.62,06 59.49344275' S,107 33.97114790' E,670.00,0.48,23.07.2024,09:49:21.485,7,OK,GPS,0.91,1.67,1.60,55,500,WIDE,LLZ,Auto:Low Noise+,-.-,-.-,-.-,FIXED,OFF,OFF,25KHZ,3KHZ,-.---,-.---,0,-,0,
1,  I    V,39,23.07.2024,16:48:35.344,110.7000,0.0466,-.----,-.----,-79.86,19.97,19.30,90.01,150.01,6.5,39.27,-0.67,2.01,-.-,----,-.--,-.--,-.-,-.-,-.-,-.-,-.--,-.--,-.--,-.--,-.--,-.--,-.-,-.--,0.00,-.--,-.--,-.--,-.--,-.-,-.--,0.00,-.--,-.--,8.17,6.63,0.69,0.73,0.64,0.66,0.46,0.76,5.86,6.93,0.47,06 59.49351775' S,107 33.97121790' E,670.10,0.50,23.07.2024,09:49:21.985,7,OK,GPS,0.91,1.67,1.60,55,500,WIDE,LLZ,Auto:Low Noise+,-.-,-.-,-.-,FIXED,OFF,OFF,25KHZ,3KHZ,-.---,-.---,0,-,0,
1,  I    V,40,23.07.2024,16:48:35.844,110.7000,0.0465,-.----,-.----,-79.61,20.18,19.12,90.03,149.98,10.3,39.30,0.41,1.77,-.-,----,-.--,-.--,-.-,-.-,-.-,-.-,-.--,-.--,-.--,-.--,-.--,-.--,-.-,-.--,0.00,-.--,-.--,-.--,-.--,-.-,-.--,0.00,-.--,-.--,4.78,4.75,0.77,1.14,0.56,0.49,0.60,0.93,6.21,8.69,0.57,06 59.49360760' S,107 33.97100575' E,670.20,0.15,23.07.2024,09:49:22.485,7,OK,GPS,0.91,1.67,1.60,55,500,WIDE,LLZ,Auto:Low Noise+,-.-,-.-,-.-,FIXED,OFF,OFF,25KHZ,3KHZ,-.---,-.---,0,-,0,
1,  I   MV,41,23.07.2024,16:48:36.344,110.7000,0.0466,-.----,-.----,-81.12,19.96,19.29,90.00,150.02,6.5,39.25,-2.30,2.20,-.-,----,-.--,-.--,-.-,-.-,-.-,-.-,-.--,-.--,-.--,-.--,-.--,-.--,-.-,-.--,0.00,-.--,-.--,-.--,-.--,-.-,-.--,0.00,-.--,-.--,5.99,7.31,0.76,1.03,0.63,0.67,0.67,0.81,6.65,8.09,0.69,06 59.49368760' S,107 33.97098075' E,670.30,0.04,23.07.2024,09:49:22.985,7,OK,GPS,0.91,1.67,1.60,55,500,WIDE,LLZ,Auto:Low Noise+,-.-,-.-,-.-,FIXED,OFF,OFF,25KHZ,3KHZ,-.---,-.---,0,-,0,
1,  I    V,42,23.07.2024,16:48:36.844,110.7000,0.0487,-.----,-.----,-82.58,19.92,19.45,90.03,150.00,4.6,39.37,-2.43,3.00,-.-,----,-.--,-.--,-.-,-.-,-.-,-.-,-.--,-.--,-.--,-.--,-.--,-.--,-.-,-.--,0.00,-.--,-.--,-.--,-.--,-.-,-.--,0.00,-.--,-.--,10.99,12.19,0.99,2.12,1.01,1.07,0.96,1.26,9.71,14.58,1.19,06 59.49330740' S,107 33.97123776' E,670.55,1.11,23.07.2024,09:49:23.484,7,OK,GPS,0.91,1.67,1.60,55,500,WIDE,LLZ,Auto:Low Noise+,-.-,-.-,-.-,FIXED,OFF,OFF,25KHZ,3KHZ,-.---,-.---,0,-,0,
1,  I    V,43,23.07.2024,16:48:37.344,110.7000,0.0545,-.----,-.----,-84.04,19.65,19.71,90.01,150.00,-0.6,39.37,-1.75,3.33,-.-,----,-.--,-.--,-.-,-.-,-.-,-.-,-.--,-.--,-.--,-.--,-.--,-.--,-.-,-.--,0.00,-.--,-.--,-.--,-.--,-.-,-.--,0.00,-.--,-.--,25.00,28.35,1.11,1.04,0.80,1.07,0.82,1.96,9.03,13.08,1.14,06 59.49323240' S,107 33.97130776' E,670.70,1.40,23.07.2024,09:49:23.984,7,OK,GPS,0.91,1.67,1.60,55,500,WIDE,LLZ,Auto:Low Noise+,-.-,-.-,-.-,FIXED,OFF,OFF,25KHZ,3KHZ,-.---,-.---,0,-,0,
1,  I    V,44,23.07.2024,16:48:37.844,110.7000,0.0465,-.----,-.----,-82.81,20.14,20.41,89.99,150.00,-2.6,40.54,-2.71,2.88,-.-,----,-.--,-.--,-.-,-.-,-.-,-.-,-.--,-.--,-.--,-.--,-.--,-.--,-.-,-.--,0.00,-.--,-.--,-.--,-.--,-.-,-.--,0.00,-.--,-.--,7.09,11.72,1.02,1.18,1.04,0.72,0.94,1.50,9.69,10.89,0.82,06 59.49324644' S,107 33.97108096' E,671.14,1.04,23.07.2024,09:49:24.484,7,OK,GPS,0.91,1.67,1.60,55,500,WIDE,LLZ,Auto:Low Noise+,-.-,-.-,-.-,FIXED,OFF,OFF,25KHZ,3KHZ,-.---,-.---,0,-,0,
1,  I    V,45,23.07.2024,16:48:38.344,110.7000,0.0485,-.----,-.----,-83.18,19.74,20.59,90.02,149.99,-8.3,40.33,-0.03,2.71,-.-,----,-.--,-.--,-.-,-.-,-.-,-.-,-.--,-.--,-.--,-.--,-.--,-.--,-.-,-.--,0.00,-.--,-.--,-.--,-.--,-.-,-.--,0.00,-.--,-.--,13.04,15.26,0.99,1.67,0.92,0.78,0.78,1.71,8.84,12.78,1.03,06 59.49320144' S,107 33.97105096' E,671.39,1.11,23.07.2024,09:49:24.984,7,OK,GPS,0.91,1.67,1.60,55,500,WIDE,LLZ,Auto:Low Noise+,-.-,-.-,-.-,FIXED,OFF,OFF,25KHZ,3KHZ,-.---,-.---,0,-,0,
1,  I   MV,46,23.07.2024,16:48:38.844,110.7000,0.0487,-.----,-.----,-83.22,19.78,20.46,89.99,150.02,-6.5,40.25,1.66,3.26,-.-,----,-.--,-.--,-.-,-.-,-.-,-.-,-.--,-.--,-.--,-.--,-.--,-.--,-.-,-.--,0.00,-.--,-.--,-.--,-.--,-.-,-.--,0.00,-.--,-.--,10.74,15.45,1.03,1.17,0.90,1.01,0.88,1.65,9.86,11.53,1.45,06 59.49317128' S,107 33.97087256' E,671.20,0.89,23.07.2024,09:49:25.484,6,OK,GPS,1.16,2.08,1.60,55,500,WIDE,LLZ,Auto:Low Noise+,-.-,-.-,-.-,FIXED,OFF,OFF,25KHZ,3KHZ,-.---,-.---,0,-,0,
1,  I    V,47,23.07.2024,16:48:39.344,110.7000,0.0445,-.----,-.----,-83.41,20.07,20.47,90.01,150.00,-3.8,40.54,0.99,2.95,-.-,----,-.--,-.--,-.-,-.-,-.-,-.-,-.--,-.--,-.--,-.--,-.--,-.--,-.-,-.--,0.00,-.--,-.--,-.--,-.--,-.-,-.--,0.00,-.--,-.--,13.94,18.78,1.11,1.01,1.00,1.10,0.92,2.41,10.12,14.33,1.33,06 59.49313128' S,107 33.97079256' E,671.30,0.86,23.07.2024,09:49:25.984,6,OK,GPS,1.16,2.08,1.60,55,500,WIDE,LLZ,Auto:Low Noise+,-.-,-.-,-.-,FIXED,OFF,OFF,25KHZ,3KHZ,-.---,-.---,0,-,0,
1,  I    V,48,23.07.2024,16:48:39.844,110.7000,0.0496,-.----,-.----,-85.10,20.15,19.83,89.93,150.04,3.1,39.99,58.73,2.89,-.-,----,-.--,-.--,-.-,-.-,-.-,-.-,-.--,-.--,-.--,-.--,-.--,-.--,-.-,-.--,0.00,-.--,-.--,-.--,-.--,-.-,-.--,0.00,-.--,-.--,14.93,19.44,1.50,1.16,1.21,0.96,0.94,2.59,13.48,15.73,1.59,06 59.49355132' S,107 33.97078676' E,671.40,-0.12,23.07.2024,09:49:26.484,7,OK,GPS,0.91,1.67,1.60,55,500,WIDE,LLZ,Auto:Low Noise+,-.-,-.-,-.-,FIXED,OFF,OFF,25KHZ,3KHZ,-.---,-.---,0,-,0,
1,  I   MV,49,23.07.2024,16:48:40.344,110.7000,0.0362,-.----,-.----,-87.11,19.70,18.63,89.82,149.96,10.4,38.34,-58.70,3.72,-.-,----,-.--,-.--,-.-,-.-,-.-,-.-,-.--,-.--,-.--,-.--,-.--,-.--,-.-,-.--,0.00,-.--,-.--,-.--,-.--,-.-,-.--,0.00,-.--,-.--,43.14,57.68,1.27,3.32,1.48,2.04,1.42,3.63,15.73,29.76,1.53,06 59.49366632' S,107 33.97073176' E,671.50,-0.47,23.07.2024,09:49:26.984,7,OK,GPS,0.91,1.67,1.60,55,500,WIDE,LLZ,Auto:Low Noise+,-.-,-.-,-.-,FIXED,OFF,OFF,25KHZ,3KHZ,-.---,-.---,0,-,0,
1,  I    V,50,23.07.2024,16:48:40.844,110.7000,0.0642,-.----,-.----,-88.55,19.56,17.96,89.97,150.07,15.6,37.52,2.80,3.89,-.-,----,-.--,-.--,-.-,-.-,-.-,-.-,-.--,-.--,-.--,-.--,-.--,-.--,-.-,-.--,0.00,-.--,-.--,-.--,-.--,-.-,-.--,0.00,-.--,-.--,91.66,103.27,1.67,3.39,1.44,2.13,1.38,3.77,18.86,31.31,1.68,06 59.49376648' S,107 33.97100324' E,671.15,0.60,23.07.2024,09:49:27.484,7,OK,GPS,0.91,1.67,1.60,55,500,WIDE,LLZ,Auto:Low Noise+,-.-,-.-,-.-,FIXED,OFF,OFF,25KHZ,3KHZ,-.---,-.---,0,-,0,
1,  I    V,51,23.07.2024,16:48:41.344,110.7000,0.0467,-.----,-.----,-87.13,19.13,18.13,92.16,149.97,9.7,37.27,1.56,4.93,-.-,----,-.--,-.--,-.-,-.-,-.-,-.-,-.--,-.--,-.--,-.--,-.--,-.--,-.-,-.--,0.00,-.--,-.--,-.--,-.--,-.-,-.--,0.00,-.--,-.--,78.49,81.02,1.13,1.78,1.30,1.77,1.26,2.68,14.55,22.05,1.21,06 59.49387648' S,107 33.97105824' E,671.10,0.73,23.07.2024,09:49:27.984,7,OK,GPS,0.91,1.67,1.60,55,500,WIDE,LLZ,Auto:Low Noise+,-.-,-.-,-.-,FIXED,OFF,OFF,25KHZ,3KHZ,-.---,-.---,0,-,0,
1,  I   MV,52,23.07.2024,16:48:41.844,110.7000,0.0457,-.----,-.----,-85.20,18.82,19.28,89.97,149.97,-4.5,38.09,2.02,3.18,-.-,----,-.--,-.--,-.-,-.-,-.-,-.-,-.--,-.--,-.--,-.--,-.--,-.--,-.-,-.--,0.00,-.--,-.--,-.--,-.--,-.-,-.--,0.00,-.--,-.--,26.50,28.22,1.16,1.39,1.23,1.38,1.12,1.61,12.07,14.15,1.31,06 59.49268056' S,107 33.97089064' E,671.65,1.66,23.07.2024,09:49:28.484,7,OK,GPS,0.91,1.67,1.60,55,500,WIDE,LLZ,Auto:Low Noise+,-.-,-.-,-.-,FIXED,OFF,OFF,25KHZ,3KHZ,-.---,-.---,0,-,0,
1,  I   MV,53,23.07.2024,16:48:42.344,110.7000,0.0576,-.----,-.----,-82.13,20.10,19.62,90.06,150.00,4.7,39.72,1.72,3.04,-.-,----,-.--,-.--,-.-,-.-,-.-,-.-,-.--,-.--,-.--,-.--,-.--,-.--,-.-,-.--,0.00,-.--,-.--,-.--,-.--,-.-,-.--,0.00,-.--,-.--,31.38,38.04,0.69,1.81,0.83,0.82,0.87,1.12,8.10,12.24,0.82,06 59.49235056' S,107 33.97087064' E,671.80,2.06,23.07.2024,09:49:28.984,7,OK,GPS,0.91,1.67,1.60,55,500,WIDE,LLZ,Auto:Low Noise+,-.-,-.-,-.-,FIXED,OFF,OFF,25KHZ,3KHZ,-.---,-.---,0,-,0,
1,  I    V,54,23.07.2024,16:48:42.844,110.7000,0.0466,-.----,-.----,-78.51,19.87,19.95,90.02,150.00,-0.8,39.83,0.17,1.63,-.-,----,-.--,-.--,-.-,-.-,-.-,-.-,-.--,-.--,-.--,-.--,-.--,-.--,-.-,-.--,0.00,-.--,-.--,-.--,-.--,-.-,-.--,0.00,-.--,-.--,8.53,9.20,0.49,0.90,0.49,0.46,0.49,0.84,4.56,6.93,0.46,06 59.49274772' S,107 33.97098420' E,672.09,1.12,23.07.2024,09:49:29.484,6,OK,GPS,1.16,2.08,1.60,55,500,WIDE,LLZ,Auto:Low Noise+,-.-,-.-,-.-,FIXED,OFF,OFF,25KHZ,3KHZ,-.---,-.---,0,-,0,
1,  I   MV,55,23.07.2024,16:48:43.344,110.7000,0.0465,-.----,-.----,-79.83,19.67,19.86,89.99,150.01,-1.9,39.54,0.56,1.78,-.-,----,-.--,-.--,-.-,-.-,-.-,-.-,-.--,-.--,-.--,-.--,-.--,-.--,-.-,-.--,0.00,-.--,-.--,-.--,-.--,-.-,-.--,0.00,-.--,-.--,12.32,11.68,0.68,1.03,0.59,0.71,0.59,0.98,6.17,8.43,0.70,06 59.49266272' S,107 33.97100920' E,672.29,1.07,23.07.2024,09:49:29.984,6,OK,GPS,1.16,2.08,1.60,55,500,WIDE,LLZ,Auto:Low Noise+,-.-,-.-,-.-,FIXED,OFF,OFF,25KHZ,3KHZ,-.---,-.---,0,-,0,
1,  I    V,56,23.07.2024,16:48:43.844,110.7000,0.0486,-.----,-.----,-79.63,20.04,19.80,90.04,149.99,2.3,39.83,1.58,1.77,-.-,----,-.--,-.--,-.-,-.-,-.-,-.-,-.--,-.--,-.--,-.--,-.--,-.--,-.-,-.--,0.00,-.--,-.--,-.--,-.--,-.-,-.--,0.00,-.--,-.--,12.40,11.44,0.70,1.13,0.48,0.62,0.47,0.74,5.36,8.05,0.55,06 59.49334940' S,107 33.97116776' E,672.64,-0.03,23.07.2024,09:49:30.484,6,OK,GPS,1.16,2.08,1.60,55,500,WIDE,LLZ,Auto:Low Noise+,-.-,-.-,-.-,FIXED,OFF,OFF,25KHZ,3KHZ,-.---,-.---,0,-,0,
1,  I    V,57,23.07.2024,16:48:44.344,110.7000,0.0467,-.----,-.----,-79.92,20.12,19.62,90.01,150.00,4.8,39.73,1.12,1.74,-.-,----,-.--,-.--,-.-,-.-,-.-,-.-,-.--,-.--,-.--,-.--,-.--,-.--,-.-,-.--,0.00,-.--,-.--,-.--,-.--,-.-,-.--,0.00,-.--,-.--,8.30,11.03,0.85,1.29,0.78,0.50,0.58,0.64,7.30,8.03,0.78,06 59.49352440' S,107 33.97123776' E,672.89,-0.43,23.07.2024,09:49:30.984,6,OK,GPS,1.16,2.08,1.60,55,500,WIDE,LLZ,Auto:Low Noise+,-.-,-.-,-.-,FIXED,OFF,OFF,25KHZ,3KHZ,-.---,-.---,0,-,0,
1,  I    V,58,23.07.2024,16:48:44.844,110.7000,0.0464,-.----,-.----,-81.56,19.91,19.51,90.00,149.99,3.9,39.42,0.89,2.17,-.-,----,-.--,-.--,-.-,-.-,-.-,-.-,-.--,-.--,-.--,-.--,-.--,-.--,-.-,-.--,0.00,-.--,-.--,-.--,-.--,-.-,-.--,0.00,-.--,-.--,12.87,13.54,0.76,1.13,0.92,0.79,0.87,0.87,8.27,8.93,0.95,06 59.49349164' S,107 33.97130776' E,672.99,1.01,23.07.2024,09:49:31.484,6,OK,GPS,1.16,2.08,1.60,55,500,WIDE,LLZ,Auto:Low Noise+,-.-,-.-,-.-,FIXED,OFF,OFF,25KHZ,3KHZ,-.---,-.---,0,-,0,
1,  I    V,59,23.07.2024,16:48:45.343,110.7000,0.0466,-.----,-.----,-81.62,19.83,19.58,90.00,150.01,2.5,39.41,0.13,2.14,-.-,----,-.--,-.--,-.-,-.-,-.-,-.-,-.--,-.--,-.--,-.--,-.--,-.--,-.-,-.--,0.00,-.--,-.--,-.--,-.--,-.-,-.--,0.00,-.--,-.--,15.48,14.00,0.74,1.25,0.74,1.24,0.95,0.85,7.95,10.46,0.77,06 59.49359643' S,107 33.97137762' E,673.19,1.23,23.07.2024,09:49:31.983,6,OK,GPS,1.16,2.08,1.60,55,500,WIDE,LLZ,Auto:Low Noise+,-.-,-.-,-.-,FIXED,OFF,OFF,25KHZ,3KHZ,-.---,-.---,0,-,0,
1,  I   MV,60,23.07.2024,16:48:45.843,110.7000,0.0466,-.----,-.----,-81.44,19.94,19.59,90.02,150.00,3.4,39.53,-0.29,2.18,-.-,----,-.--,-.--,-.-,-.-,-.-,-.-,-.--,-.--,-.--,-.--,-.--,-.--,-.-,-.--,0.00,-.--,-.--,-.--,-.--,-.-,-.--,0.00,-.--,-.--,14.70,13.62,0.72,1.25,0.71,0.80,0.82,0.76,7.32,8.95,0.70,06 59.49282646' S,107 33.97103238' E,672.95,-0.03,23.07.2024,09:49:32.483,6,OK,GPS,0.98,1.75,1.60,55,500,WIDE,LLZ,Auto:Low Noise+,-.-,-.-,-.-,FIXED,OFF,OFF,25KHZ,3KHZ,-.---,-.---,0,-,0,
1,  I    V,61,23.07.2024,16:48:46.343,110.7000,0.0465,-.----,-.----,-81.18,19.97,19.66,89.95,149.98,3.0,39.63,-0.05,2.29,-.-,----,-.--,-.--,-.-,-.-,-.-,-.-,-.--,-.--,-.--,-.--,-.--,-.--,-.-,-.--,0.00,-.--,-.--,-.--,-.--,-.-,-.--,0.00,-.--,-.--,13.84,12.88,0.59,1.23,0.67,0.76,0.77,0.92,6.52,9.15,0.74,06 59.49263646' S,107 33.97096238' E,673.00,-0.30,23.07.2024,09:49:32.983,6,OK,GPS,0.98,1.75,1.60,55,500,WIDE,LLZ,Auto:Low Noise+,-.-,-.-,-.-,FIXED,OFF,OFF,25KHZ,3KHZ,-.---,-.---,0,-,0,
1,  I    V,62,23.07.2024,16:48:46.843,110.7000,0.0465,-.----,-.----,-80.98,19.64,19.34,89.96,150.01,2.9,38.98,-1.44,1.93,-.-,----,-.--,-.--,-.-,-.-,-.-,-.-,-.--,-.--,-.--,-.--,-.--,-.--,-.-,-.--,0.00,-.--,-.--,-.--,-.--,-.-,-.--,0.00,-.--,-.--,12.76,11.53,0.78,1.88,0.60,0.69,0.66,0.83,6.59,11.50,0.69,06 59.49306932' S,107 33.97148558' E,672.60,1.23,23.07.2024,09:49:33.483,6,OK,GPS,0.98,1.75,1.60,55,500,WIDE,LLZ,Auto:Low Noise+,-.-,-.-,-.-,FIXED,OFF,OFF,25KHZ,3KHZ,-.---,-.---,0,-,0,
1,  I    V,63,23.07.2024,16:48:47.343,110.7000,0.0466,-.----,-.----,-80.82,20.01,19.72,90.01,150.00,2.8,39.73,0.29,2.08,-.-,----,-.--,-.--,-.-,-.-,-.-,-.-,-.--,-.--,-.--,-.--,-.--,-.--,-.-,-.--,0.00,-.--,-.--,-.--,-.--,-.-,-.--,0.00,-.--,-.--,11.73,10.52,0.86,1.80,0.82,0.79,0.79,0.71,7.67,11.09,0.66,06 59.49308932' S,107 33.97161558' E,672.50,1.56,23.07.2024,09:49:33.983,6,OK,GPS,0.98,1.75,1.60,55,500,WIDE,LLZ,Auto:Low Noise+,-.-,-.-,-.-,FIXED,OFF,OFF,25KHZ,3KHZ,-.---,-.---,0,-,0,
1,  I    V,64,23.07.2024,16:48:47.843,110.7000,0.0466,-.----,-.----,-81.35,19.88,19.65,90.01,150.00,2.1,39.53,-1.17,1.83,-.-,----,-.--,-.--,-.-,-.-,-.-,-.-,-.--,-.--,-.--,-.--,-.--,-.--,-.-,-.--,0.00,-.--,-.--,-.--,-.--,-.-,-.--,0.00,-.--,-.--,12.75,12.23,0.78,1.08,0.75,0.66,0.81,0.84,7.41,8.10,0.69,06 59.49297585' S,107 33.97144898' E,672.70,0.77,23.07.2024,09:49:34.483,7,OK,GPS,0.91,1.67,1.60,55,500,WIDE,LLZ,Auto:Low Noise+,-.-,-.-,-.-,FIXED,OFF,OFF,25KHZ,3KHZ,-.---,-.---,0,-,0,
1,  I    V,65,23.07.2024,16:48:48.343,110.7000,0.0466,-.----,-.----,-81.11,19.80,19.85,89.97,150.00,-0.5,39.65,-1.06,1.87,-.-,----,-.--,-.--,-.-,-.-,-.-,-.-,-.--,-.--,-.--,-.--,-.--,-.--,-.-,-.--,0.00,-.--,-.--,-.--,-.--,-.-,-.--,0.00,-.--,-.--,12.70,11.88,0.61,1.00,0.68,0.67,0.77,0.85,6.61,7.99,0.81,06 59.49295085' S,107 33.97147898' E,672.70,0.72,23.07.2024,09:49:34.983,7,OK,GPS,0.91,1.67,1.60,55,500,WIDE,LLZ,Auto:Low Noise+,-.-,-.-,-.-,FIXED,OFF,OFF,25KHZ,3KHZ,-.---,-.---,0,-,0,
1,  I    V,66,23.07.2024,16:48:48.843,110.7000,0.0466,-.----,-.----,-80.83,19.66,19.44,89.98,150.00,2.1,39.10,-0.81,1.73,-.-,----,-.--,-.--,-.-,-.-,-.-,-.-,-.--,-.--,-.--,-.--,-.--,-.--,-.-,-.--,0.00,-.--,-.--,-.--,-.--,-.-,-.--,0.00,-.--,-.--,12.74,11.79,0.75,1.25,0.62,0.75,0.76,1.03,6.93,9.77,0.55,06 59.49328177' S,107 33.97149415' E,672.40,1.14,23.07.2024,09:49:35.483,6,OK,GPS,0.98,1.75,1.60,55,500,WIDE,LLZ,Auto:Low Noise+,-.-,-.-,-.-,FIXED,OFF,OFF,25KHZ,3KHZ,-.---,-.---,0,-,0,
1,  I    V,67,23.07.2024,16:48:49.343,110.7000,0.0465,-.----,-.----,-81.74,19.65,19.61,90.00,149.98,0.4,39.26,1.22,2.09,-.-,----,-.--,-.--,-.-,-.-,-.-,-.-,-.--,-.--,-.--,-.--,-.--,-.--,-.-,-.--,0.00,-.--,-.--,-.--,-.--,-.-,-.--,0.00,-.--,-.--,13.66,12.90,0.63,1.66,0.79,0.78,0.79,1.15,7.10,11.67,0.60,06 59.49337677' S,107 33.97151915' E,672.30,1.25,23.07.2024,09:49:35.983,6,OK,GPS,0.98,1.75,1.60,55,500,WIDE,LLZ,Auto:Low Noise+,-.-,-.-,-.-,FIXED,OFF,OFF,25KHZ,3KHZ,-.---,-.---,0,-,0,
1,  I   MV,68,23.07.2024,16:48:49.843,110.7000,0.0465,-.----,-.----,-83.30,19.23,20.01,90.00,150.03,-7.5,39.24,-0.17,2.56,-.-,----,-.--,-.--,-.-,-.-,-.-,-.-,-.--,-.--,-.--,-.--,-.--,-.--,-.-,-.--,0.00,-.--,-.--,-.--,-.--,-.-,-.--,0.00,-.--,-.--,14.30,13.66,1.03,1.75,0.83,0.82,0.93,1.25,9.28,11.94,0.80,06 59.49366456' S,107 33.97187041' E,672.80,2.52,23.07.2024,09:49:36.483,6,OK,GPS,0.98,1.75,1.60,55,500,WIDE,LLZ,Auto:Low Noise+,-.-,-.-,-.-,FIXED,OFF,OFF,25KHZ,3KHZ,-.---,-.---,0,-,0,
1,  I    V,69,23.07.2024,16:48:50.343,110.7000,0.0445,-.----,-.----,-84.60,19.31,20.15,89.99,149.99,-8.1,39.46,2.64,2.59,-.-,----,-.--,-.--,-.-,-.-,-.-,-.-,-.--,-.--,-.--,-.--,-.--,-.--,-.-,-.--,0.00,-.--,-.--,-.--,-.--,-.-,-.--,0.00,-.--,-.--,16.66,15.53,0.93,2.70,1.14,0.88,1.01,1.85,10.10,17.36,0.85,06 59.49382456' S,107 33.97200541' E,672.90,3.02,23.07.2024,09:49:36.983,6,OK,GPS,0.98,1.75,1.60,55,500,WIDE,LLZ,Auto:Low Noise+,-.-,-.-,-.-,FIXED,OFF,OFF,25KHZ,3KHZ,-.---,-.---,0,-,0,
1,  I    V,70,23.07.2024,16:48:50.843,110.7000,0.0466,-.----,-.----,-83.00,19.72,19.84,90.01,150.02,-1.1,39.57,0.48,2.63,-.-,----,-.--,-.--,-.-,-.-,-.-,-.-,-.--,-.--,-.--,-.--,-.--,-.--,-.-,-.--,0.00,-.--,-.--,-.--,-.--,-.-,-.--,0.00,-.--,-.--,13.12,12.03,0.87,2.23,0.80,0.84,0.77,0.92,7.75,13.34,0.72,06 59.49343585' S,107 33.97175483' E,672.85,1.60,23.07.2024,09:49:37.483,6,OK,GPS,0.98,1.75,1.60,55,500,WIDE,LLZ,Auto:Low Noise+,-.-,-.-,-.-,FIXED,OFF,OFF,25KHZ,3KHZ,-.---,-.---,0,-,0,
1,  I    V,71,23.07.2024,16:48:51.343,110.7000,0.0466,-.----,-.----,-82.09,19.39,19.58,90.01,150.00,-1.9,38.97,2.20,2.11,-.-,----,-.--,-.--,-.-,-.-,-.-,-.-,-.--,-.--,-.--,-.--,-.--,-.--,-.-,-.--,0.00,-.--,-.--,-.--,-.--,-.-,-.--,0.00,-.--,-.--,12.51,10.88,0.64,1.89,0.87,0.74,0.50,0.91,6.61,11.93,0.74,06 59.49341085' S,107 33.97175983' E,672.90,1.46,23.07.2024,09:49:37.983,6,OK,GPS,0.98,1.75,1.60,55,500,WIDE,LLZ,Auto:Low Noise+,-.-,-.-,-.-,FIXED,OFF,OFF,25KHZ,3KHZ,-.---,-.---,0,-,0,
1,  I   MV,72,23.07.2024,16:48:51.843,110.7000,0.0466,-.----,-.----,-82.53,19.43,19.55,90.00,149.99,-1.2,38.98,1.37,2.33,-.-,----,-.--,-.--,-.-,-.-,-.-,-.-,-.--,-.--,-.--,-.--,-.--,-.--,-.-,-.--,0.00,-.--,-.--,-.--,-.--,-.-,-.--,0.00,-.--,-.--,13.58,12.85,0.82,1.63,0.69,0.84,0.71,0.93,7.20,10.99,0.65,06 59.49371211' S,107 33.97176483' E,673.39,1.73,23.07.2024,09:49:38.483,6,OK,GPS,0.98,1.75,1.60,55,500,WIDE,LLZ,Auto:Low Noise+,-.-,-.-,-.-,FIXED,OFF,OFF,25KHZ,3KHZ,-.---,-.---,0,-,0,
1,  I    V,73,23.07.2024,16:48:52.343,110.7000,0.0466,-.----,-.----,-82.73,19.53,19.59,90.02,150.01,-0.6,39.12,1.74,1.99,-.-,----,-.--,-.--,-.-,-.-,-.-,-.-,-.--,-.--,-.--,-.--,-.--,-.--,-.-,-.--,0.00,-.--,-.--,-.--,-.--,-.-,-.--,0.00,-.--,-.--,16.07,13.06,0.97,1.47,0.76,1.27,0.71,0.97,7.87,11.84,0.73,06 59.49379711' S,107 33.97176983' E,673.59,1.73,23.07.2024,09:49:38.983,6,OK,GPS,0.98,1.75,1.60,55,500,WIDE,LLZ,Auto:Low Noise+,-.-,-.-,-.-,FIXED,OFF,OFF,25KHZ,3KHZ,-.---,-.---,0,-,0,
1,  I    V,74,23.07.2024,16:48:52.843,110.7000,0.0466,-.----,-.----,-82.22,19.41,19.50,89.99,149.99,-0.9,38.91,0.18,1.98,-.-,----,-.--,-.--,-.-,-.-,-.-,-.-,-.--,-.--,-.--,-.--,-.--,-.--,-.-,-.--,0.00,-.--,-.--,-.--,-.--,-.-,-.--,0.00,-.--,-.--,16.06,11.94,0.81,1.31,0.76,0.89,0.62,0.87,7.10,9.82,0.61,06 59.49343721' S,107 33.97112231' E,673.50,0.11,23.07.2024,09:49:39.483,6,OK,GPS,0.98,1.75,1.60,55,500,WIDE,LLZ,Auto:Low Noise+,-.-,-.-,-.-,FIXED,OFF,OFF,25KHZ,3KHZ,-.---,-.---,0,-,0,
1,  I    V,75,23.07.2024,16:48:53.343,110.7000,0.0466,-.----,-.----,-81.65,19.31,19.55,90.02,149.99,-2.4,38.86,1.34,2.04,-.-,----,-.--,-.--,-.-,-.-,-.-,-.-,-.--,-.--,-.--,-.--,-.--,-.--,-.-,-.--,0.00,-.--,-.--,-.--,-.--,-.-,-.--,0.00,-.--,-.--,15.25,11.53,0.55,1.51,0.71,1.01,0.62,0.83,6.07,10.65,0.70,06 59.49337221' S,107 33.97090731' E,673.60,-0.44,23.07.2024,09:49:39.983,6,OK,GPS,0.98,1.75,1.60,55,500,WIDE,LLZ,Auto:Low Noise+,-.-,-.-,-.-,FIXED,OFF,OFF,25KHZ,3KHZ,-.---,-.---,0,-,0,
1,  I    V,76,23.07.2024,16:48:53.843,110.7000,0.0466,-.----,-.----,-81.58,19.84,19.74,90.00,150.00,1.0,39.59,-0.22,1.96,-.-,----,-.--,-.--,-.-,-.-,-.-,-.-,-.--,-.--,-.--,-.--,-.--,-.--,-.-,-.--,0.00,-.--,-.--,-.--,-.--,-.-,-.--,0.00,-.--,-.--,15.20,10.46,0.82,1.38,0.77,0.82,0.68,0.90,7.37,9.66,0.69,06 59.49354449' S,107 33.97109272' E,673.70,0.44,23.07.2024,09:49:40.483,6,OK,GPS,0.98,1.75,1.60,55,500,WIDE,LLZ,Auto:Low Noise+,-.-,-.-,-.-,FIXED,OFF,OFF,25KHZ,3KHZ,-.---,-.---,0,-,0,
1,  I    V,77,23.07.2024,16:48:54.343,110.7000,0.0466,-.----,-.----,-81.73,19.38,19.75,90.01,150.00,-3.6,39.13,1.11,2.00,-.-,----,-.--,-.--,-.-,-.-,-.-,-.-,-.--,-.--,-.--,-.--,-.--,-.--,-.-,-.--,0.00,-.--,-.--,-.--,-.--,-.-,-.--,0.00,-.--,-.--,14.86,10.90,0.74,1.34,1.01,0.83,0.58,0.85,7.58,9.68,0.60,06 59.49355949' S,107 33.97101272' E,673.80,0.37,23.07.2024,09:49:40.983,6,OK,GPS,0.98,1.75,1.60,55,500,WIDE,LLZ,Auto:Low Noise+,-.-,-.-,-.-,FIXED,OFF,OFF,25KHZ,3KHZ,-.---,-.---,0,-,0,
1,  I    V,78,23.07.2024,16:48:54.843,110.7000,0.0466,-.----,-.----,-81.44,19.47,19.65,90.00,150.00,-1.8,39.12,-1.38,2.35,-.-,----,-.--,-.--,-.-,-.-,-.-,-.-,-.--,-.--,-.--,-.--,-.--,-.--,-.-,-.--,0.00,-.--,-.--,-.--,-.--,-.-,-.--,0.00,-.--,-.--,15.57,11.67,0.77,1.50,0.68,0.88,0.77,0.94,7.15,10.53,0.62,06 59.49329272' S,107 33.97102170' E,674.04,0.16,23.07.2024,09:49:41.483,6,OK,GPS,0.98,1.75,1.60,55,500,WIDE,LLZ,Auto:Low Noise+,-.-,-.-,-.-,FIXED,OFF,OFF,25KHZ,3KHZ,-.---,-.---,0,-,0,
1,  I    V,79,23.07.2024,16:48:55.343,110.7000,0.0486,-.----,-.----,-81.37,19.45,19.76,90.01,150.01,-3.0,39.21,-0.25,2.46,-.-,----,-.--,-.--,-.-,-.-,-.-,-.-,-.--,-.--,-.--,-.--,-.--,-.--,-.-,-.--,0.00,-.--,-.--,-.--,-.--,-.-,-.--,0.00,-.--,-.--,19.52,13.05,0.66,1.82,0.86,0.74,0.79,0.98,7.41,11.62,0.70,06 59.49321272' S,107 33.97097170' E,674.19,0.05,23.07.2024,09:49:41.983,6,OK,GPS,0.98,1.75,1.60,55,500,WIDE,LLZ,Auto:Low Noise+,-.-,-.-,-.-,FIXED,OFF,OFF,25KHZ,3KHZ,-.---,-.---,0,-,0,
1,  I    V,80,23.07.2024,16:48:55.843,110.7000,0.0465,-.----,-.----,-81.08,19.87,19.58,90.01,149.99,2.8,39.45,0.84,2.43,-.-,----,-.--,-.--,-.-,-.-,-.-,-.-,-.--,-.--,-.--,-.--,-.--,-.--,-.-,-.--,0.00,-.--,-.--,-.--,-.--,-.-,-.--,0.00,-.--,-.--,15.47,10.91,0.65,1.38,0.68,0.75,0.66,0.89,6.14,9.81,0.80,06 59.49344415' S,107 33.97081789' E,674.05,0.08,23.07.2024,09:49:42.483,6,OK,GPS,0.98,1.75,1.60,55,500,WIDE,LLZ,Auto:Low Noise+,-.-,-.-,-.-,FIXED,OFF,OFF,25KHZ,3KHZ,-.---,-.---,0,-,0,
1,  I    V,81,23.07.2024,16:48:56.343,110.7000,0.0466,-.----,-.----,-80.82,19.40,19.65,90.01,150.01,-2.4,39.06,-1.61,2.06,-.-,----,-.--,-.--,-.-,-.-,-.-,-.-,-.--,-.--,-.--,-.--,-.--,-.--,-.-,-.--,0.00,-.--,-.--,-.--,-.--,-.-,-.--,0.00,-.--,-.--,14.96,10.94,0.63,1.58,0.74,0.76,0.77,0.92,6.93,10.64,0.67,06 59.49346915' S,107 33.97073289' E,674.10,0.02,23.07.2024,09:49:42.983,6,OK,GPS,0.98,1.75,1.60,55,500,WIDE,LLZ,Auto:Low Noise+,-.-,-.-,-.-,FIXED,OFF,OFF,25KHZ,3KHZ,-.---,-.---,0,-,0,
1,  I    V,82,23.07.2024,16:48:56.843,110.7000,0.0466,-.----,-.----,-80.56,19.49,19.90,90.01,149.99,-3.9,39.40,-1.01,2.57,-.-,----,-.--,-.--,-.-,-.-,-.-,-.-,-.--,-.--,-.--,-.--,-.--,-.--,-.-,-.--,0.00,-.--,-.--,-.--,-.--,-.-,-.--,0.00,-.--,-.--,15.02,10.21,0.69,1.79,0.68,0.71,0.86,0.93,7.33,11.19,0.74,06 59.49367211' S,107 33.97104830' E,674.59,0.86,23.07.2024,09:49:43.483,6,OK,GPS,0.98,1.75,1.60,55,500,WIDE,LLZ,Auto:Low Noise+,-.-,-.-,-.-,FIXED,OFF,OFF,25KHZ,3KHZ,-.---,-.---,0,-,0,
1,  I    V,83,23.07.2024,16:48:57.343,110.7000,0.0466,-.----,-.----,-80.82,19.22,20.10,89.98,150.00,-8.5,39.32,-2.63,2.19,-.-,----,-.--,-.--,-.-,-.-,-.-,-.-,-.--,-.--,-.--,-.--,-.--,-.--,-.-,-.--,0.00,-.--,-.--,-.--,-.--,-.-,-.--,0.00,-.--,-.--,15.34,10.31,0.67,1.84,0.69,0.60,0.73,0.97,6.79,11.23,0.65,06 59.49375711' S,107 33.97109830' E,674.79,1.10,23.07.2024,09:49:43.983,6,OK,GPS,0.98,1.75,1.60,56,500,WIDE,LLZ,Auto:Low Noise+,-.-,-.-,-.-,FIXED,OFF,OFF,25KHZ,3KHZ,-.---,-.---,0,-,0,
1,  I    V,84,23.07.2024,16:48:57.843,110.7000,0.0466,-.----,-.----,-80.55,19.06,19.92,90.00,149.99,-8.4,38.98,-1.98,2.49,-.-,----,-.--,-.--,-.-,-.-,-.-,-.-,-.--,-.--,-.--,-.--,-.--,-.--,-.-,-.--,0.00,-.--,-.--,-.--,-.--,-.-,-.--,0.00,-.--,-.--,15.36,11.08,0.65,1.86,0.79,0.81,0.64,0.94,6.90,11.43,0.67,06 59.49412388' S,107 33.97104449' E,674.55,1.51,23.07.2024,09:49:44.483,6,OK,GPS,0.98,1.75,1.60,56,500,WIDE,LLZ,Auto:Low Noise+,-.-,-.-,-.-,FIXED,OFF,OFF,25KHZ,3KHZ,-.---,-.---,0,-,0,
1,  I    V,85,23.07.2024,16:48:58.343,110.7000,0.0466,-.----,-.----,-79.66,18.71,20.71,89.99,149.99,-19.4,39.43,-2.10,2.17,-.-,----,-.--,-.--,-.-,-.-,-.-,-.-,-.--,-.--,-.--,-.--,-.--,-.--,-.-,-.--,0.00,-.--,-.--,-.--,-.--,-.-,-.--,0.00,-.--,-.--,14.85,9.81,0.72,1.69,0.71,0.54,0.59,0.98,6.66,10.09,0.57,06 59.49430388' S,107 33.97105949' E,674.60,1.81,23.07.2024,09:49:44.983,6,OK,GPS,0.98,1.75,1.60,56,500,WIDE,LLZ,Auto:Low Noise+,-.-,-.-,-.-,FIXED,OFF,OFF,25KHZ,3KHZ,-.---,-.---,0,-,0,
1,  I    V,86,23.07.2024,16:48:58.843,110.7000,0.0466,-.----,-.----,-78.90,18.59,20.90,90.01,150.01,-22.4,39.49,-2.02,1.71,-.-,----,-.--,-.--,-.-,-.-,-.-,-.-,-.--,-.--,-.--,-.--,-.--,-.--,-.-,-.--,0.00,-.--,-.--,-.--,-.--,-.-,-.--,0.00,-.--,-.--,13.64,8.84,0.52,2.01,0.60,0.46,0.51,0.99,5.62,11.18,0.48,06 59.49393517' S,107 33.97143041' E,675.39,1.31,23.07.2024,09:49:45.483,6,OK,GPS,0.98,1.75,1.60,56,500,WIDE,LLZ,Auto:Low Noise+,-.-,-.-,-.-,FIXED,OFF,OFF,25KHZ,3KHZ,-.---,-.---,0,-,0,
1,  I    V,87,23.07.2024,16:48:59.343,110.7000,0.0466,-.----,-.----,-78.40,18.70,21.13,89.98,150.01,-23.5,39.84,-0.19,1.54,-.-,----,-.--,-.--,-.-,-.-,-.-,-.-,-.--,-.--,-.--,-.--,-.--,-.--,-.-,-.--,0.00,-.--,-.--,-.--,-.--,-.-,-.--,0.00,-.--,-.--,12.82,8.97,0.61,2.19,0.55,0.48,0.50,0.85,5.73,11.52,0.52,06 59.49393017' S,107 33.97156541' E,675.69,1.34,23.07.2024,09:49:45.983,6,OK,GPS,0.98,1.75,1.60,55,500,WIDE,LLZ,Auto:Low Noise+,-.-,-.-,-.-,FIXED,OFF,OFF,25KHZ,3KHZ,-.---,-.---,0,-,0,
1,  I    V,88,23.07.2024,16:48:59.843,110.7000,0.0466,-.----,-.----,-79.34,18.93,21.08,89.98,150.00,-20.8,40.01,0.16,1.74,-.-,----,-.--,-.--,-.-,-.-,-.-,-.-,-.--,-.--,-.--,-.--,-.--,-.--,-.-,-.--,0.00,-.--,-.--,-.--,-.--,-.-,-.--,0.00,-.--,-.--,12.97,9.34,0.73,2.29,0.69,0.40,0.46,0.97,6.43,12.15,0.47,06 59.49408840' S,107 33.97121096' E,675.69,0.19,23.07.2024,09:49:46.484,7,OK,GPS,0.91,1.67,1.60,55,500,WIDE,LLZ,Auto:Low Noise+,-.-,-.-,-.-,FIXED,OFF,OFF,25KHZ,3KHZ,-.---,-.---,0,-,0,
1,  I   MV,89,23.07.2024,16:49:00.343,110.7000,0.0453,-.----,-.----,-83.45,19.40,20.70,90.20,149.99,-12.6,40.11,-1.06,2.92,-.-,----,-.--,-.--,-.-,-.-,-.-,-.-,-.--,-.--,-.--,-.--,-.--,-.--,-.-,-.--,0.00,-.--,-.--,-.--,-.--,-.-,-.--,0.00,-.--,-.--,18.41,15.58,1.32,2.29,0.74,0.74,0.88,1.32,11.13,13.62,1.08,06 59.49413840' S,107 33.97118096' E,675.89,-0.18,23.07.2024,09:49:46.984,7,OK,GPS,0.91,1.67,1.60,55,500,WIDE,LLZ,Auto:Low Noise+,-.-,-.-,-.-,FIXED,OFF,OFF,25KHZ,3KHZ,-.---,-.---,0,-,0,
1,  I   MV,90,23.07.2024,16:49:00.843,110.7000,0.0499,-.----,-.----,-82.53,19.62,20.53,89.85,150.00,-8.9,40.15,-58.98,2.56,-.-,----,-.--,-.--,-.-,-.-,-.-,-.-,-.--,-.--,-.--,-.--,-.--,-.--,-.-,-.--,0.00,-.--,-.--,-.--,-.--,-.-,-.--,0.00,-.--,-.--,22.16,21.79,1.24,2.78,0.87,0.96,0.93,0.86,11.63,15.38,0.93,06 59.49447036' S,107 33.97121032' E,676.39,0.81,23.07.2024,09:49:47.484,7,OK,GPS,0.91,1.67,1.60,55,500,WIDE,LLZ,Auto:Low Noise+,-.-,-.-,-.-,FIXED,OFF,OFF,25KHZ,3KHZ,-.---,-.---,0,-,0,
1,  I    V,91,23.07.2024,16:49:01.343,110.7000,0.0465,-.----,-.----,-78.58,18.77,20.89,89.93,150.00,-20.5,39.66,-0.99,1.46,-.-,----,-.--,-.--,-.-,-.-,-.-,-.-,-.--,-.--,-.--,-.--,-.--,-.--,-.-,-.--,0.00,-.--,-.--,-.--,-.--,-.-,-.--,0.00,-.--,-.--,9.48,7.90,0.47,1.13,0.61,0.67,0.54,0.78,5.61,7.84,0.49,06 59.49461536' S,107 33.97120032' E,676.69,0.89,23.07.2024,09:49:47.984,7,OK,GPS,0.91,1.67,1.60,55,500,WIDE,LLZ,Auto:Low Noise+,-.-,-.-,-.-,FIXED,OFF,OFF,25KHZ,3KHZ,-.---,-.---,0,-,0,
1,  I    V,92,23.07.2024,16:49:01.843,110.7000,0.0468,-.----,-.----,-79.10,18.76,20.89,90.05,150.00,-20.6,39.66,1.50,1.84,-.-,----,-.--,-.--,-.-,-.-,-.-,-.-,-.--,-.--,-.--,-.--,-.--,-.--,-.-,-.--,0.00,-.--,-.--,-.--,-.--,-.-,-.--,0.00,-.--,-.--,12.04,9.61,0.77,0.79,0.48,0.67,0.45,0.66,5.82,6.25,0.66,06 59.49395925' S,107 33.97061197' E,676.54,0.92,23.07.2024,09:49:48.483,7,OK,GPS,0.91,1.67,1.60,55,500,WIDE,LLZ,Auto:Low Noise+,-.-,-.-,-.-,FIXED,OFF,OFF,25KHZ,3KHZ,-.---,-.---,0,-,0,
1,  I    V,93,23.07.2024,16:49:02.343,110.7000,0.0466,-.----,-.----,-76.29,18.99,21.27,89.98,150.00,-22.1,40.26,-0.33,1.26,-.-,----,-.--,-.--,-.-,-.-,-.-,-.-,-.--,-.--,-.--,-.--,-.--,-.--,-.-,-.--,0.00,-.--,-.--,-.--,-.--,-.-,-.--,0.00,-.--,-.--,8.10,7.39,0.58,0.44,0.34,0.44,0.28,0.39,4.05,3.65,0.59,06 59.49383425' S,107 33.97040697' E,676.69,0.99,23.07.2024,09:49:48.983,7,OK,GPS,0.91,1.67,1.60,55,500,WIDE,LLZ,Auto:Low Noise+,-.-,-.-,-.-,FIXED,OFF,OFF,25KHZ,3KHZ,-.---,-.---,0,-,0,
1,  I    V,94,23.07.2024,16:49:02.843,110.7000,0.0466,-.----,-.----,-75.57,18.84,21.09,89.99,150.01,-21.8,39.93,0.76,1.10,-.-,----,-.--,-.--,-.-,-.-,-.-,-.-,-.--,-.--,-.--,-.--,-.--,-.--,-.-,-.--,0.00,-.--,-.--,-.--,-.--,-.-,-.--,0.00,-.--,-.--,7.93,6.41,0.41,0.45,0.42,0.50,0.46,0.44,4.23,4.09,0.38,06 59.49431744' S,107 33.97051320' E,676.99,0.92,23.07.2024,09:49:49.484,7,OK,GPS,0.91,1.67,1.60,55,500,WIDE,LLZ,Auto:Low Noise+,-.-,-.-,-.-,FIXED,OFF,OFF,25KHZ,3KHZ,-.---,-.---,0,-,0,
1,  I    V,95,23.07.2024,16:49:03.343,110.7000,0.0466,-.----,-.----,-76.05,18.97,21.15,89.98,150.01,-21.1,40.12,1.39,1.08,-.-,----,-.--,-.--,-.-,-.-,-.-,-.-,-.--,-.--,-.--,-.--,-.--,-.--,-.-,-.--,0.00,-.--,-.--,-.--,-.--,-.-,-.--,0.00,-.--,-.--,8.46,6.78,0.38,0.58,0.39,0.35,0.34,0.52,3.78,4.35,0.51,06 59.49439744' S,107 33.97041320' E,677.19,0.94,23.07.2024,09:49:49.984,7,OK,GPS,0.91,1.67,1.60,55,500,WIDE,LLZ,Auto:Low Noise+,-.-,-.-,-.-,FIXED,OFF,OFF,25KHZ,3KHZ,-.---,-.---,0,-,0,
1,  I    V,96,23.07.2024,16:49:03.843,110.7000,0.0466,-.----,-.----,-76.07,18.88,21.21,90.00,149.99,-22.6,40.10,0.73,1.11,-.-,----,-.--,-.--,-.-,-.-,-.-,-.-,-.--,-.--,-.--,-.--,-.--,-.--,-.-,-.--,0.00,-.--,-.--,-.--,-.--,-.-,-.--,0.00,-.--,-.--,8.88,6.96,0.40,0.64,0.35,0.33,0.44,0.34,3.99,3.85,0.41,06 59.49422517' S,107 33.97074347' E,677.69,0.34,23.07.2024,09:49:50.483,7,OK,GPS,0.91,1.67,1.60,55,500,WIDE,LLZ,Auto:Low Noise+,-.-,-.-,-.-,FIXED,OFF,OFF,25KHZ,3KHZ,-.---,-.---,0,-,0,
1,  I    V,97,23.07.2024,16:49:04.343,110.7000,0.0466,-.----,-.----,-76.38,18.86,20.86,90.00,150.00,-19.4,39.73,0.04,0.99,-.-,----,-.--,-.--,-.-,-.-,-.-,-.-,-.--,-.--,-.--,-.--,-.--,-.--,-.-,-.--,0.00,-.--,-.--,-.--,-.--,-.-,-.--,0.00,-.--,-.--,8.49,7.08,0.40,0.56,0.39,0.41,0.44,0.33,4.03,3.83,0.44,06 59.49422017' S,107 33.97078847' E,677.99,0.15,23.07.2024,09:49:50.983,7,OK,GPS,0.91,1.67,1.60,55,500,WIDE,LLZ,Auto:Low Noise+,-.-,-.-,-.-,FIXED,OFF,OFF,25KHZ,3KHZ,-.---,-.---,0,-,0,
1,  I    V,98,23.07.2024,16:49:04.843,110.7000,0.0466,-.----,-.----,-77.94,19.01,20.78,89.96,150.00,-17.1,39.79,0.50,1.26,-.-,----,-.--,-.--,-.-,-.-,-.-,-.-,-.--,-.--,-.--,-.--,-.--,-.--,-.-,-.--,0.00,-.--,-.--,-.--,-.--,-.-,-.--,0.00,-.--,-.--,9.53,8.25,0.62,0.68,0.63,0.54,0.47,0.46,5.77,4.99,0.64,06 59.49469004' S,107 33.97058128' E,677.99,0.24,23.07.2024,09:49:51.484,7,OK,GPS,0.91,1.67,1.60,55,500,WIDE,LLZ,Auto:Low Noise+,-.-,-.-,-.-,FIXED,OFF,OFF,25KHZ,3KHZ,-.---,-.---,0,-,0,
1,  I    V,99,23.07.2024,16:49:05.343,110.7000,0.0467,-.----,-.----,-78.70,19.08,20.72,89.98,150.00,-15.8,39.80,-0.29,1.62,-.-,----,-.--,-.--,-.-,-.-,-.-,-.-,-.--,-.--,-.--,-.--,-.--,-.--,-.-,-.--,0.00,-.--,-.--,-.--,-.--,-.-,-.--,0.00,-.--,-.--,8.94,8.99,0.75,1.16,0.73,0.45,0.52,0.45,6.81,6.57,0.64,06 59.49484504' S,107 33.97054128' E,678.19,0.14,23.07.2024,09:49:51.984,7,OK,GPS,0.91,1.67,1.60,55,500,WIDE,LLZ,Auto:Low Noise+,-.-,-.-,-.-,FIXED,OFF,OFF,25KHZ,3KHZ,-.---,-.---,0,-,0,
1,  I    V,100,23.07.2024,16:49:05.843,110.7000,0.0466,-.----,-.----,-76.35,19.18,20.74,90.00,149.99,-15.1,39.92,0.55,1.15,-.-,----,-.--,-.--,-.-,-.-,-.-,-.-,-.--,-.--,-.--,-.--,-.--,-.--,-.-,-.--,0.00,-.--,-.--,-.--,-.--,-.-,-.--,0.00,-.--,-.--,7.25,6.17,0.55,0.91,0.34,0.50,0.30,0.33,4.07,5.48,0.52,06 59.49473292' S,107 33.97073872' E,678.10,0.08,23.07.2024,09:49:52.484,7,OK,GPS,0.91,1.68,1.60,56,500,WIDE,LLZ,Auto:Low Noise+,-.-,-.-,-.-,FIXED,OFF,OFF,25KHZ,3KHZ,-.---,-.---,0,-,0,
1,  I    V,101,23.07.2024,16:49:06.343,110.7000,0.0466,-.----,-.----,-74.82,19.11,20.81,89.98,150.01,-16.4,39.91,0.38,0.78,-.-,----,-.--,-.--,-.-,-.-,-.-,-.-,-.--,-.--,-.--,-.--,-.--,-.--,-.-,-.--,0.00,-.--,-.--,-.--,-.--,-.-,-.--,0.00,-.--,-.--,6.73,5.27,0.63,0.42,0.41,0.44,0.36,0.34,4.88,3.56,0.46,06 59.49479792' S,107 33.97077872' E,678.20,0.00,23.07.2024,09:49:52.984,7,OK,GPS,0.91,1.68,1.60,56,500,WIDE,LLZ,Auto:Low Noise,-.-,-.-,-.-,FIXED,OFF,OFF,25KHZ,3KHZ,-.---,-.---,0,-,0,
1,  I    V,102,23.07.2024,16:49:06.843,110.7000,0.0466,-.----,-.----,-76.82,19.49,20.68,89.99,149.99,-11.5,40.16,-0.34,1.27,-.-,----,-.--,-.--,-.-,-.-,-.-,-.-,-.--,-.--,-.--,-.--,-.--,-.--,-.-,-.--,0.00,-.--,-.--,-.--,-.--,-.-,-.--,0.00,-.--,-.--,7.98,6.87,0.75,0.41,0.40,0.44,0.45,0.31,5.63,3.51,0.58,06 59.49461064' S,107 33.97068516' E,678.30,0.59,23.07.2024,09:49:53.484,7,OK,GPS,0.91,1.68,1.60,56,500,WIDE,LLZ,Auto:Low Noise,-.-,-.-,-.-,FIXED,OFF,OFF,25KHZ,3KHZ,-.---,-.---,0,-,0,
1,  I    V,103,23.07.2024,16:49:07.343,110.7000,0.0465,-.----,-.----,-77.86,19.14,20.67,90.03,150.01,-14.9,39.81,0.70,1.37,-.-,----,-.--,-.--,-.-,-.-,-.-,-.-,-.--,-.--,-.--,-.--,-.--,-.--,-.-,-.--,0.00,-.--,-.--,-.--,-.--,-.-,-.--,0.00,-.--,-.--,8.67,7.56,0.72,0.70,0.69,0.59,0.54,0.33,6.69,5.06,0.55,06 59.49459064' S,107 33.97068016' E,678.40,0.74,23.07.2024,09:49:53.984,7,OK,GPS,0.91,1.68,1.60,56,500,WIDE,LLZ,Auto:Low Noise,-.-,-.-,-.-,FIXED,OFF,OFF,25KHZ,3KHZ,-.---,-.---,0,-,0,
1,  I    V,104,23.07.2024,16:49:07.843,110.7000,0.0465,-.----,-.----,-78.12,19.38,20.63,90.01,150.00,-12.1,40.00,1.75,1.50,-.-,----,-.--,-.--,-.-,-.-,-.-,-.-,-.--,-.--,-.--,-.--,-.--,-.--,-.-,-.--,0.00,-.--,-.--,-.--,-.--,-.-,-.--,0.00,-.--,-.--,10.74,7.85,0.79,1.04,0.47,0.60,0.66,0.68,6.72,7.02,0.65,06 59.49486744' S,107 33.97082356' E,678.50,0.03,23.07.2024,09:49:54.484,7,OK,GPS,0.91,1.68,1.60,55,500,WIDE,LLZ,Auto:Low Noise,-.-,-.-,-.-,FIXED,OFF,OFF,25KHZ,3KHZ,-.---,-.---,0,-,0,
1,  I    V,105,23.07.2024,16:49:08.343,110.7000,0.0466,-.----,-.----,-78.13,19.00,20.50,90.02,149.99,-14.5,39.50,-0.82,1.53,-.-,----,-.--,-.--,-.-,-.-,-.-,-.-,-.--,-.--,-.--,-.--,-.--,-.--,-.-,-.--,0.00,-.--,-.--,-.--,-.--,-.-,-.--,0.00,-.--,-.--,13.30,9.17,0.72,0.93,0.56,0.68,0.56,0.74,6.19,7.11,0.71,06 59.49494744' S,107 33.97086856' E,678.60,-0.11,23.07.2024,09:49:54.984,7,OK,GPS,0.91,1.68,1.60,55,500,WIDE,LLZ,Auto:Low Noise,-.-,-.-,-.-,FIXED,OFF,OFF,25KHZ,3KHZ,-.---,-.---,0,-,0,
1,  I    V,106,23.07.2024,16:49:08.843,110.7000,0.0466,-.----,-.----,-77.81,19.06,20.71,89.99,150.00,-16.0,39.78,-0.86,1.35,-.-,----,-.--,-.--,-.-,-.-,-.-,-.-,-.--,-.--,-.--,-.--,-.--,-.--,-.-,-.--,0.00,-.--,-.--,-.--,-.--,-.-,-.--,0.00,-.--,-.--,13.33,8.49,0.69,0.78,0.40,0.51,0.53,0.75,5.48,6.20,0.53,06 59.49548748' S,107 33.97086904' E,679.14,1.39,23.07.2024,09:49:55.484,7,OK,GPS,0.91,1.68,1.60,55,500,WIDE,LLZ,Auto:Low Noise,-.-,-.-,-.-,FIXED,OFF,OFF,25KHZ,3KHZ,-.---,-.---,0,-,0,
1,  I    V,107,23.07.2024,16:49:09.343,110.7000,0.0466,-.----,-.----,-77.71,19.08,20.86,90.02,150.01,-17.2,39.94,0.92,1.44,-.-,----,-.--,-.--,-.-,-.-,-.-,-.-,-.--,-.--,-.--,-.--,-.--,-.--,-.-,-.--,0.00,-.--,-.--,-.--,-.--,-.-,-.--,0.00,-.--,-.--,12.98,8.46,0.69,0.62,0.48,0.63,0.51,0.53,5.57,5.32,0.60,06 59.49572248' S,107 33.97089904' E,679.39,1.81,23.07.2024,09:49:55.984,7,OK,GPS,0.91,1.68,1.60,55,500,WIDE,LLZ,Auto:Low Noise,-.-,-.-,-.-,FIXED,OFF,OFF,25KHZ,3KHZ,-.---,-.---,0,-,0,
1,  I    V,108,23.07.2024,16:49:09.843,110.7000,0.0466,-.----,-.----,-77.75,18.95,20.88,90.01,150.00,-18.7,39.82,-0.28,1.36,-.-,----,-.--,-.--,-.-,-.-,-.-,-.-,-.--,-.--,-.--,-.--,-.--,-.--,-.-,-.--,0.00,-.--,-.--,-.--,-.--,-.-,-.--,0.00,-.--,-.--,13.20,8.54,0.68,0.55,0.39,0.39,0.49,0.64,5.23,4.91,0.52,06 59.49528968' S,107 33.97069160' E,679.20,0.11,23.07.2024,09:49:56.484,7,OK,GPS,0.91,1.68,1.60,55,500,WIDE,LLZ,Auto:Low Noise,-.-,-.-,-.-,FIXED,OFF,OFF,25KHZ,3KHZ,-.---,-.---,0,-,0,
1,  I    V,109,23.07.2024,16:49:10.343,110.7000,0.0466,-.----,-.----,-77.72,19.03,20.96,90.01,150.00,-18.7,39.99,-0.24,1.42,-.-,----,-.--,-.--,-.-,-.-,-.-,-.-,-.--,-.--,-.--,-.--,-.--,-.--,-.-,-.--,0.00,-.--,-.--,-.--,-.--,-.-,-.--,0.00,-.--,-.--,13.26,8.78,0.66,0.67,0.60,0.58,0.41,0.59,5.84,5.41,0.49,06 59.49529968' S,107 33.97064160' E,679.30,-0.18,23.07.2024,09:49:56.984,7,OK,GPS,0.91,1.68,1.60,56,500,WIDE,LLZ,Auto:Low Noise,-.-,-.-,-.-,FIXED,OFF,OFF,25KHZ,3KHZ,-.---,-.---,0,-,0,
1,  I    V,110,23.07.2024,16:49:10.843,110.7000,0.0466,-.----,-.----,-77.72,19.06,21.05,90.01,150.00,-19.2,40.11,0.58,1.38,-.-,----,-.--,-.--,-.-,-.-,-.-,-.-,-.--,-.--,-.--,-.--,-.--,-.--,-.-,-.--,0.00,-.--,-.--,-.--,-.--,-.-,-.--,0.00,-.--,-.--,13.45,9.07,0.64,0.74,0.42,0.44,0.39,0.79,5.10,5.77,0.55,06 59.49587360' S,107 33.97056192' E,679.69,1.33,23.07.2024,09:49:57.484,7,OK,GPS,0.91,1.68,1.60,56,500,WIDE,LLZ,Auto:Low Noise,-.-,-.-,-.-,FIXED,OFF,OFF,25KHZ,3KHZ,-.---,-.---,0,-,0,
1,  I    V,111,23.07.2024,16:49:11.343,110.7000,0.0466,-.----,-.----,-77.69,19.09,21.06,90.01,150.01,-19.0,40.16,-0.44,1.44,-.-,----,-.--,-.--,-.-,-.-,-.-,-.-,-.--,-.--,-.--,-.--,-.--,-.--,-.-,-.--,0.00,-.--,-.--,-.--,-.--,-.-,-.--,0.00,-.--,-.--,13.38,8.64,0.83,0.76,0.60,0.57,0.42,0.62,6.20,5.86,0.51,06 59.49607360' S,107 33.97050192' E,679.89,1.64,23.07.2024,09:49:57.984,7,OK,GPS,0.91,1.68,1.60,56,500,WIDE,LLZ,Auto:Low Noise,-.-,-.-,-.-,FIXED,OFF,OFF,25KHZ,3KHZ,-.---,-.---,0,-,0,
1,  I    V,112,23.07.2024,16:49:11.843,110.7000,0.0466,-.----,-.----,-76.98,19.15,20.99,90.01,150.01,-17.8,40.14,0.92,1.44,-.-,----,-.--,-.--,-.-,-.-,-.-,-.-,-.--,-.--,-.--,-.--,-.--,-.--,-.-,-.--,0.00,-.--,-.--,-.--,-.--,-.-,-.--,0.00,-.--,-.--,12.48,8.30,0.60,0.90,0.43,0.57,0.46,0.58,4.95,6.21,0.63,06 59.49575420' S,107 33.97033804' E,679.95,0.79,23.07.2024,09:49:58.484,7,OK,GPS,0.91,1.68,1.60,56,500,WIDE,LLZ,Auto:Low Noise,-.-,-.-,-.-,FIXED,OFF,OFF,25KHZ,3KHZ,-.---,-.---,0,-,0,
1,  I    V,113,23.07.2024,16:49:12.343,110.7000,0.0466,-.----,-.----,-76.39,19.33,21.17,90.00,149.99,-17.8,40.50,-0.79,1.35,-.-,----,-.--,-.--,-.-,-.-,-.-,-.-,-.--,-.--,-.--,-.--,-.--,-.--,-.-,-.--,0.00,-.--,-.--,-.--,-.--,-.-,-.--,0.00,-.--,-.--,10.04,7.41,0.71,1.48,0.36,0.48,0.45,0.69,5.30,8.34,0.60,06 59.49577920' S,107 33.97024304' E,680.10,0.71,23.07.2024,09:49:58.984,7,OK,GPS,0.91,1.68,1.60,55,500,WIDE,LLZ,Auto:Low Noise,-.-,-.-,-.-,FIXED,OFF,OFF,25KHZ,3KHZ,-.---,-.---,0,-,0,
1,  I    V,114,23.07.2024,16:49:12.843,110.7000,0.0467,-.----,-.----,-77.75,19.47,21.12,90.00,150.00,-16.0,40.58,0.36,1.40,-.-,----,-.--,-.--,-.-,-.-,-.-,-.-,-.--,-.--,-.--,-.--,-.--,-.--,-.-,-.--,0.00,-.--,-.--,-.--,-.--,-.-,-.--,0.00,-.--,-.--,9.50,7.80,0.87,0.83,0.42,0.45,0.45,0.72,6.07,5.90,0.77,06 59.49541836' S,107 33.97047452' E,679.95,0.02,23.07.2024,09:49:59.484,7,OK,GPS,0.91,1.68,1.60,55,500,WIDE,LLZ,Auto:Low Noise,-.-,-.-,-.-,FIXED,OFF,OFF,25KHZ,3KHZ,-.---,-.---,0,-,0,
1,  I    V,115,23.07.2024,16:49:13.343,110.7000,0.0466,-.----,-.----,-75.86,19.25,21.06,90.00,149.99,-17.5,40.31,-1.19,1.28,-.-,----,-.--,-.--,-.-,-.-,-.-,-.-,-.--,-.--,-.--,-.--,-.--,-.--,-.-,-.--,0.00,-.--,-.--,-.--,-.--,-.-,-.--,0.00,-.--,-.--,8.15,6.45,0.73,0.44,0.35,0.30,0.34,0.40,5.19,3.40,0.47,06 59.49531336' S,107 33.97048952' E,680.00,-0.26,23.07.2024,09:49:59.984,7,OK,GPS,0.91,1.68,1.60,55,500,WIDE,LLZ,Auto:Low Noise,-.-,-.-,-.-,FIXED,OFF,OFF,25KHZ,3KHZ,-.---,-.---,0,-,0,
1,  I    V,116,23.07.2024,16:49:13.843,110.7000,0.0466,-.----,-.----,-77.42,18.74,21.27,89.97,150.00,-24.5,40.01,-0.38,1.07,-.-,----,-.--,-.--,-.-,-.-,-.-,-.-,-.--,-.--,-.--,-.--,-.--,-.--,-.-,-.--,0.00,-.--,-.--,-.--,-.--,-.-,-.--,0.00,-.--,-.--,7.79,6.36,0.65,1.52,0.51,0.38,0.41,0.58,5.37,8.03,0.70,06 59.49577228' S,107 33.97046000' E,680.05,0.30,23.07.2024,09:50:00.484,7,OK,GPS,0.91,1.68,1.60,55,500,WIDE,LLZ,Auto:Low Noise,-.-,-.-,-.-,FIXED,OFF,OFF,25KHZ,3KHZ,-.---,-.---,0,-,0,
1,  I    V,117,23.07.2024,16:49:14.343,110.7000,0.0465,-.----,-.----,-78.93,18.95,21.30,90.02,150.01,-22.7,40.25,-0.72,1.69,-.-,----,-.--,-.--,-.-,-.-,-.-,-.-,-.--,-.--,-.--,-.--,-.--,-.--,-.-,-.--,0.00,-.--,-.--,-.--,-.--,-.-,-.--,0.00,-.--,-.--,8.81,10.18,0.60,0.82,0.62,0.56,0.63,0.58,6.19,5.90,0.74,06 59.49585728' S,107 33.97046000' E,680.10,0.30,23.07.2024,09:50:00.984,7,OK,GPS,0.91,1.68,1.60,55,500,WIDE,LLZ,Auto:Low Noise,-.-,-.-,-.-,FIXED,OFF,OFF,25KHZ,3KHZ,-.---,-.---,0,-,0,
1,  I    V,118,23.07.2024,16:49:14.842,110.7000,0.0466,-.----,-.----,-77.27,18.83,20.96,90.01,150.01,-20.6,39.79,0.61,1.29,-.-,----,-.--,-.--,-.-,-.-,-.-,-.-,-.--,-.--,-.--,-.--,-.--,-.--,-.-,-.--,0.00,-.--,-.--,-.--,-.--,-.-,-.--,0.00,-.--,-.--,7.18,7.55,0.42,0.87,0.43,0.48,0.44,0.68,4.24,6.01,0.39,06 59.49533408' S,107 33.97075660' E,680.15,0.65,23.07.2024,09:50:01.483,7,OK,GPS,0.91,1.68,1.60,55,500,WIDE,LLZ,Auto:Low Noise,-.-,-.-,-.-,FIXED,OFF,OFF,25KHZ,3KHZ,-.---,-.---,0,-,0,
1,  I    V,119,23.07.2024,16:49:15.342,110.7000,0.0466,-.----,-.----,-77.80,18.89,21.08,90.01,149.99,-21.1,39.97,0.66,1.63,-.-,----,-.--,-.--,-.-,-.-,-.-,-.-,-.--,-.--,-.--,-.--,-.--,-.--,-.-,-.--,0.00,-.--,-.--,-.--,-.--,-.-,-.--,0.00,-.--,-.--,10.21,7.75,0.49,0.71,0.51,0.46,0.36,0.55,4.47,5.01,0.53,06 59.49521408' S,107 33.97085660' E,680.20,0.77,23.07.2024,09:50:01.983,7,OK,GPS,0.91,1.68,1.60,55,500,WIDE,LLZ,Auto:Low Noise,-.-,-.-,-.-,FIXED,OFF,OFF,25KHZ,3KHZ,-.---,-.---,0,-,0,
1,  I    V,120,23.07.2024,16:49:15.842,110.7000,0.0466,-.----,-.----,-77.16,18.93,20.99,90.02,150.01,-20.0,39.92,1.63,1.35,-.-,----,-.--,-.--,-.-,-.-,-.-,-.-,-.--,-.--,-.--,-.--,-.--,-.--,-.-,-.--,0.00,-.--,-.--,-.--,-.--,-.-,-.--,0.00,-.--,-.--,9.64,6.85,0.50,0.67,0.40,0.53,0.43,0.50,4.33,5.04,0.43,06 59.49565762' S,107 33.97043755' E,680.10,0.19,23.07.2024,09:50:02.483,7,OK,GPS,0.91,1.68,1.60,55,500,WIDE,LLZ,Auto:Low Noise,-.-,-.-,-.-,FIXED,OFF,OFF,25KHZ,3KHZ,-.---,-.---,0,-,0,
1,  I    V,121,23.07.2024,16:49:16.342,110.7000,0.0467,-.----,-.----,-79.51,19.43,20.80,89.99,150.00,-13.2,40.23,0.17,1.72,-.-,----,-.--,-.--,-.-,-.-,-.-,-.-,-.--,-.--,-.--,-.--,-.--,-.--,-.-,-.--,0.00,-.--,-.--,-.--,-.--,-.-,-.--,0.00,-.--,-.--,8.63,9.87,0.89,0.76,0.51,0.72,0.58,0.40,6.92,5.73,0.93,06 59.49572762' S,107 33.97036255' E,680.10,0.07,23.07.2024,09:50:02.983,7,OK,GPS,0.91,1.68,1.60,56,500,WIDE,LLZ,Auto:Low Noise,-.-,-.-,-.-,FIXED,OFF,OFF,25KHZ,3KHZ,-.---,-.---,0,-,0,
1,  I    V,122,23.07.2024,16:49:16.842,110.7000,0.0465,-.----,-.----,-79.86,18.83,21.14,90.02,149.99,-22.3,39.98,0.39,1.94,-.-,----,-.--,-.--,-.-,-.-,-.-,-.-,-.--,-.--,-.--,-.--,-.--,-.--,-.-,-.--,0.00,-.--,-.--,-.--,-.--,-.-,-.--,0.00,-.--,-.--,10.75,9.95,0.73,0.97,0.64,0.75,0.56,0.62,6.68,6.87,0.63,06 59.49587177' S,107 33.97046551' E,680.10,0.11,23.07.2024,09:50:03.483,7,OK,GPS,0.91,1.68,1.60,56,500,WIDE,LLZ,Auto:Low Noise,-.-,-.-,-.-,FIXED,OFF,OFF,25KHZ,3KHZ,-.---,-.---,0,-,0,
1,  I    V,123,23.07.2024,16:49:17.342,110.7000,0.0466,-.----,-.----,-79.98,18.66,20.81,90.00,150.01,-20.8,39.47,-0.23,1.75,-.-,----,-.--,-.--,-.-,-.-,-.-,-.-,-.--,-.--,-.--,-.--,-.--,-.--,-.-,-.--,0.00,-.--,-.--,-.--,-.--,-.-,-.--,0.00,-.--,-.--,14.35,9.81,0.56,0.94,0.60,0.85,0.50,0.82,5.55,7.63,0.64,06 59.49596677' S,107 33.97045051' E,680.10,0.05,23.07.2024,09:50:03.983,7,OK,GPS,0.91,1.68,1.60,56,500,WIDE,LLZ,Auto:Low Noise,-.-,-.-,-.-,FIXED,OFF,OFF,25KHZ,3KHZ,-.---,-.---,0,-,0,
1,  I    V,124,23.07.2024,16:49:17.842,110.7000,0.0466,-.----,-.----,-79.77,18.82,21.02,89.98,150.01,-21.2,39.84,-0.98,1.64,-.-,----,-.--,-.--,-.-,-.-,-.-,-.-,-.--,-.--,-.--,-.--,-.--,-.--,-.-,-.--,0.00,-.--,-.--,-.--,-.--,-.-,-.--,0.00,-.--,-.--,14.26,8.69,0.39,0.89,0.65,0.65,0.47,0.82,5.04,6.95,0.63,06 59.49578000' S,107 33.97046517' E,680.40,0.35,23.07.2024,09:50:04.483,7,OK,GPS,0.91,1.68,1.60,56,500,WIDE,LLZ,Auto:Low Noise,-.-,-.-,-.-,FIXED,OFF,OFF,25KHZ,3KHZ,-.---,-.---,0,-,0,
1,  I    V,125,23.07.2024,16:49:18.342,110.7000,0.0466,-.----,-.----,-79.79,18.54,20.92,90.01,149.99,-23.1,39.46,0.58,1.70,-.-,----,-.--,-.--,-.-,-.-,-.-,-.-,-.--,-.--,-.--,-.--,-.--,-.--,-.-,-.--,0.00,-.--,-.--,-.--,-.--,-.-,-.--,0.00,-.--,-.--,14.75,8.69,0.59,0.95,0.57,0.63,0.56,0.62,5.76,6.67,0.65,06 59.49578000' S,107 33.97046017' E,680.50,0.40,23.07.2024,09:50:04.983,7,OK,GPS,0.91,1.68,1.60,56,500,WIDE,LLZ,Auto:Low Noise,-.-,-.-,-.-,FIXED,OFF,OFF,25KHZ,3KHZ,-.---,-.---,0,-,0,
1,  I    V,126,23.07.2024,16:49:18.842,110.7000,0.0466,-.----,-.----,-79.63,18.25,21.44,89.99,149.99,-30.8,39.69,-0.07,1.69,-.-,----,-.--,-.--,-.-,-.-,-.-,-.-,-.--,-.--,-.--,-.--,-.--,-.--,-.-,-.--,0.00,-.--,-.--,-.--,-.--,-.-,-.--,0.00,-.--,-.--,14.09,8.66,0.64,1.20,0.64,0.69,0.46,0.74,6.04,7.70,0.55,06 59.49613592' S,107 33.97049966' E,680.00,0.29,23.07.2024,09:50:05.483,7,OK,GPS,0.91,1.68,1.60,55,500,WIDE,LLZ,Auto:Low Noise,-.-,-.-,-.-,FIXED,OFF,OFF,25KHZ,3KHZ,-.---,-.---,0,-,0,
1,  I    V,127,23.07.2024,16:49:19.342,110.7000,0.0466,-.----,-.----,-79.57,18.24,21.89,90.00,150.01,-35.3,40.13,-0.59,1.59,-.-,----,-.--,-.--,-.-,-.-,-.-,-.-,-.--,-.--,-.--,-.--,-.--,-.--,-.-,-.--,0.00,-.--,-.--,-.--,-.--,-.-,-.--,0.00,-.--,-.--,13.62,8.67,0.58,1.21,0.47,0.63,0.55,0.69,5.50,7.35,0.52,06 59.49625592' S,107 33.97050966' E,679.90,0.29,23.07.2024,09:50:05.983,7,OK,GPS,0.91,1.68,1.60,55,500,WIDE,LLZ,Auto:Low Noise,-.-,-.-,-.-,FIXED,OFF,OFF,25KHZ,3KHZ,-.---,-.---,0,-,0,
1,  I    V,128,23.07.2024,16:49:19.842,110.7000,0.0466,-.----,-.----,-79.62,18.02,21.82,89.99,149.99,-36.7,39.84,1.48,1.63,-.-,----,-.--,-.--,-.-,-.-,-.-,-.-,-.--,-.--,-.--,-.--,-.--,-.--,-.-,-.--,0.00,-.--,-.--,-.--,-.--,-.-,-.--,0.00,-.--,-.--,13.90,8.34,0.52,0.96,0.48,0.83,0.44,0.61,5.03,6.80,0.47,06 59.49587170' S,107 33.97057898' E,680.25,0.48,23.07.2024,09:50:06.483,7,OK,GPS,0.91,1.68,1.60,55,500,WIDE,LLZ,Auto:Low Noise,-.-,-.-,-.-,FIXED,OFF,OFF,25KHZ,3KHZ,-.---,-.---,0,-,0,
1,  I    V,129,23.07.2024,16:49:20.342,110.7000,0.0466,-.----,-.----,-79.67,17.54,22.04,90.00,150.00,-43.5,39.58,0.14,1.69,-.-,----,-.--,-.--,-.-,-.-,-.-,-.-,-.--,-.--,-.--,-.--,-.--,-.--,-.-,-.--,0.00,-.--,-.--,-.--,-.--,-.-,-.--,0.00,-.--,-.--,14.20,8.12,0.47,1.07,0.60,0.61,0.64,0.78,5.97,7.02,0.52,06 59.49582170' S,107 33.97060898' E,680.30,0.54,23.07.2024,09:50:06.983,7,OK,GPS,0.91,1.68,1.60,55,500,WIDE,LLZ,Auto:Low Noise,-.-,-.-,-.-,FIXED,OFF,OFF,25KHZ,3KHZ,-.---,-.---,0,-,0,
1,  I    V,130,23.07.2024,16:49:20.842,110.7000,0.0466,-.----,-.----,-79.77,17.60,22.16,89.99,150.00,-44.1,39.75,-0.26,1.81,-.-,----,-.--,-.--,-.-,-.-,-.-,-.-,-.--,-.--,-.--,-.--,-.--,-.--,-.-,-.--,0.00,-.--,-.--,-.--,-.--,-.-,-.--,0.00,-.--,-.--,14.04,8.72,0.57,0.90,0.54,0.62,0.46,0.72,5.59,6.10,0.41,06 59.49600898' S,107 33.97052034' E,680.20,0.02,23.07.2024,09:50:07.483,7,OK,GPS,0.91,1.68,1.60,55,500,WIDE,LLZ,Auto:Low Noise,-.-,-.-,-.-,FIXED,OFF,OFF,25KHZ,3KHZ,-.---,-.---,0,-,0,
1,  I    V,131,23.07.2024,16:49:21.342,110.7000,0.0467,-.----,-.----,-79.78,17.40,22.45,90.00,150.00,-48.9,39.86,0.08,1.60,-.-,----,-.--,-.--,-.-,-.-,-.-,-.-,-.--,-.--,-.--,-.--,-.--,-.--,-.-,-.--,0.00,-.--,-.--,-.--,-.--,-.-,-.--,0.00,-.--,-.--,14.40,8.55,0.47,0.94,0.45,0.86,0.55,0.63,5.22,6.55,0.57,06 59.49603898' S,107 33.97051034' E,680.20,-0.11,23.07.2024,09:50:07.983,7,OK,GPS,0.91,1.68,1.60,55,500,WIDE,LLZ,Auto:Low Noise,-.-,-.-,-.-,FIXED,OFF,OFF,25KHZ,3KHZ,-.---,-.---,0,-,0,
1,  I    V,132,23.07.2024,16:49:21.842,110.7000,0.0466,-.----,-.----,-79.32,17.38,22.65,90.01,150.00,-51.0,40.02,1.15,1.67,-.-,----,-.--,-.--,-.-,-.-,-.-,-.-,-.--,-.--,-.--,-.--,-.--,-.--,-.-,-.--,0.00,-.--,-.--,-.--,-.--,-.-,-.--,0.00,-.--,-.--,13.42,8.38,0.56,0.98,0.36,0.68,0.53,0.81,5.30,6.77,0.50,06 59.49566857' S,107 33.97035204' E,680.35,1.02,23.07.2024,09:50:08.483,7,OK,GPS,0.91,1.68,1.60,55,500,WIDE,LLZ,Auto:Low Noise,-.-,-.-,-.-,FIXED,OFF,OFF,25KHZ,3KHZ,-.---,-.---,0,-,0,
1,  I    V,133,23.07.2024,16:49:22.342,110.7000,0.0466,-.----,-.----,-80.51,17.01,22.65,90.01,150.01,-54.5,39.66,0.03,1.70,-.-,----,-.--,-.--,-.-,-.-,-.-,-.-,-.--,-.--,-.--,-.--,-.--,-.--,-.-,-.--,0.00,-.--,-.--,-.--,-.--,-.-,-.--,0.00,-.--,-.--,14.97,9.77,0.60,1.05,0.49,0.67,0.76,0.78,6.92,6.97,0.57,06 59.49556357' S,107 33.97029204' E,680.40,1.31,23.07.2024,09:50:08.983,7,OK,GPS,0.91,1.68,1.60,55,500,WIDE,LLZ,Auto:Low Noise,-.-,-.-,-.-,FIXED,OFF,OFF,25KHZ,3KHZ,-.---,-.---,0,-,0,
1,  I    V,134,23.07.2024,16:49:22.842,110.7000,0.0466,-.----,-.----,-80.43,17.01,22.50,90.00,150.00,-53.1,39.51,0.77,1.97,-.-,----,-.--,-.--,-.-,-.-,-.-,-.-,-.--,-.--,-.--,-.--,-.--,-.--,-.-,-.--,0.00,-.--,-.--,-.--,-.--,-.-,-.--,0.00,-.--,-.--,14.85,9.73,0.59,1.29,0.45,0.93,0.65,0.64,6.52,8.12,0.63,06 59.49551789' S,107 33.97017272' E,680.30,1.13,23.07.2024,09:50:09.483,7,OK,GPS,0.91,1.68,1.60,55,500,WIDE,LLZ,Auto:Low Noise,-.-,-.-,-.-,FIXED,OFF,OFF,25KHZ,3KHZ,-.---,-.---,0,-,0,
1,  I    V,135,23.07.2024,16:49:23.342,110.7000,0.0467,-.----,-.----,-80.71,16.71,22.89,90.01,150.00,-59.8,39.60,2.97,1.92,-.-,----,-.--,-.--,-.-,-.-,-.-,-.-,-.--,-.--,-.--,-.--,-.--,-.--,-.-,-.--,0.00,-.--,-.--,-.--,-.--,-.-,-.--,0.00,-.--,-.--,16.09,10.63,0.70,1.31,0.48,0.65,0.63,0.89,6.86,7.75,0.74,06 59.49543289' S,107 33.97009272' E,680.30,1.27,23.07.2024,09:50:09.983,7,OK,GPS,0.91,1.68,1.60,55,500,WIDE,LLZ,Auto:Low Noise,-.-,-.-,-.-,FIXED,OFF,OFF,25KHZ,3KHZ,-.---,-.---,0,-,0,
1,  I    V,136,23.07.2024,16:49:23.842,110.7000,0.0466,-.----,-.----,-80.63,16.44,23.05,89.97,149.99,-63.9,39.49,0.26,1.74,-.-,----,-.--,-.--,-.-,-.-,-.-,-.-,-.--,-.--,-.--,-.--,-.--,-.--,-.-,-.--,0.00,-.--,-.--,-.--,-.--,-.-,-.--,0.00,-.--,-.--,16.16,10.88,0.61,1.20,0.50,1.04,0.55,0.74,6.34,7.99,0.77,06 59.49522925' S,107 33.97005721' E,680.60,1.52,23.07.2024,09:50:10.483,7,OK,GPS,0.91,1.68,1.60,55,500,WIDE,LLZ,Auto:Low Noise,-.-,-.-,-.-,FIXED,OFF,OFF,25KHZ,3KHZ,-.---,-.---,0,-,0,
1,  I    V,137,23.07.2024,16:49:24.342,110.7000,0.0466,-.----,-.----,-80.53,16.09,23.27,89.99,150.00,-69.4,39.36,1.68,1.93,-.-,----,-.--,-.--,-.-,-.-,-.-,-.-,-.--,-.--,-.--,-.--,-.--,-.--,-.-,-.--,0.00,-.--,-.--,-.--,-.--,-.-,-.--,0.00,-.--,-.--,16.20,10.26,0.73,1.41,0.62,0.70,0.79,0.94,8.42,8.23,0.72,06 59.49510425' S,107 33.96999221' E,680.70,1.70,23.07.2024,09:50:10.983,7,OK,GPS,0.91,1.68,1.60,55,500,WIDE,LLZ,Auto:Low Noise,-.-,-.-,-.-,FIXED,OFF,OFF,25KHZ,3KHZ,-.---,-.---,0,-,0,
1,  I    V,138,23.07.2024,16:49:24.842,110.7000,0.0466,-.----,-.----,-80.46,16.05,23.65,89.98,150.00,-73.5,39.70,-0.27,2.14,-.-,----,-.--,-.--,-.-,-.-,-.-,-.-,-.--,-.--,-.--,-.--,-.--,-.--,-.-,-.--,0.00,-.--,-.--,-.--,-.--,-.-,-.--,0.00,-.--,-.--,15.79,9.84,0.57,1.38,0.45,0.90,0.67,0.92,6.64,8.25,0.75,06 59.49514238' S,107 33.96986789' E,680.65,1.49,23.07.2024,09:50:11.483,7,OK,GPS,0.91,1.68,1.60,55,500,WIDE,LLZ,Auto:Low Noise,-.-,-.-,-.-,FIXED,OFF,OFF,25KHZ,3KHZ,-.---,-.---,0,-,0,
1,  I    V,139,23.07.2024,16:49:25.342,110.7000,0.0466,-.----,-.----,-80.38,15.62,23.53,90.00,150.00,-76.6,39.14,1.46,1.89,-.-,----,-.--,-.--,-.-,-.-,-.-,-.-,-.--,-.--,-.--,-.--,-.--,-.--,-.-,-.--,0.00,-.--,-.--,-.--,-.--,-.-,-.--,0.00,-.--,-.--,15.75,10.39,0.67,1.61,0.56,0.73,0.64,0.94,7.77,8.81,0.77,06 59.49507238' S,107 33.96978289' E,680.70,1.53,23.07.2024,09:50:11.983,7,OK,GPS,0.91,1.68,1.60,55,500,WIDE,LLZ,Auto:Low Noise,-.-,-.-,-.-,FIXED,OFF,OFF,25KHZ,3KHZ,-.---,-.---,0,-,0,
1,  I    V,140,23.07.2024,16:49:25.842,110.7000,0.0466,-.----,-.----,-80.27,15.50,24.04,89.99,149.99,-82.7,39.53,2.06,1.87,-.-,----,-.--,-.--,-.-,-.-,-.-,-.-,-.--,-.--,-.--,-.--,-.--,-.--,-.-,-.--,0.00,-.--,-.--,-.--,-.--,-.-,-.--,0.00,-.--,-.--,15.33,9.79,0.68,1.14,0.51,0.90,0.57,0.79,7.22,7.25,0.68,06 59.49512102' S,107 33.96989068' E,680.30,1.09,23.07.2024,09:50:12.483,7,OK,GPS,0.91,1.68,1.60,55,500,WIDE,LLZ,Auto:Low Noise,-.-,-.-,-.-,FIXED,OFF,OFF,25KHZ,3KHZ,-.---,-.---,0,-,0,
1,  I   MV,141,23.07.2024,16:49:26.342,110.7000,0.0466,-.----,-.----,-80.24,15.08,24.05,89.97,150.01,-86.8,39.12,0.22,1.81,-.-,----,-.--,-.--,-.-,-.-,-.-,-.-,-.--,-.--,-.--,-.--,-.--,-.--,-.-,-.--,0.00,-.--,-.--,-.--,-.--,-.-,-.--,0.00,-.--,-.--,15.53,10.19,0.73,1.30,0.49,0.95,0.54,0.63,7.58,7.44,0.55,06 59.49509102' S,107 33.96987068' E,680.20,0.97,23.07.2024,09:50:12.983,7,OK,GPS,0.91,1.68,1.60,55,500,WIDE,LLZ,Auto:Low Noise,-.-,-.-,-.-,FIXED,OFF,OFF,25KHZ,3KHZ,-.---,-.---,0,-,0,
1,  I   MV,142,23.07.2024,16:49:26.842,110.7000,0.0466,-.----,-.----,-80.22,14.91,24.16,90.02,149.99,-89.5,39.06,0.83,1.83,-.-,----,-.--,-.--,-.-,-.-,-.-,-.-,-.--,-.--,-.--,-.--,-.--,-.--,-.-,-.--,0.00,-.--,-.--,-.--,-.--,-.-,-.--,0.00,-.--,-.--,15.33,9.54,0.64,1.32,0.50,0.92,0.73,0.65,8.05,7.79,0.61,06 59.49519449' S,107 33.96961340' E,680.25,0.69,23.07.2024,09:50:13.483,7,OK,GPS,0.91,1.68,1.60,55,500,WIDE,LLZ,Auto:Low Noise,-.-,-.-,-.-,FIXED,OFF,OFF,25KHZ,3KHZ,-.---,-.---,0,-,0,
1,  I    V,143,23.07.2024,16:49:27.342,110.7000,0.0466,-.----,-.----,-80.23,14.93,24.46,89.99,149.99,-92.2,39.38,0.21,1.92,-.-,----,-.--,-.--,-.-,-.-,-.-,-.-,-.--,-.--,-.--,-.--,-.--,-.--,-.-,-.--,0.00,-.--,-.--,-.--,-.--,-.-,-.--,0.00,-.--,-.--,15.28,9.98,0.63,1.16,0.59,0.62,0.68,0.72,7.89,6.53,0.71,06 59.49520949' S,107 33.96951340' E,680.20,0.51,23.07.2024,09:50:13.983,7,OK,GPS,0.91,1.68,1.60,56,500,WIDE,LLZ,Auto:Low Noise,-.-,-.-,-.-,FIXED,OFF,OFF,25KHZ,3KHZ,-.---,-.---,0,-,0,
1,  I    V,144,23.07.2024,16:49:27.842,110.7000,0.0466,-.----,-.----,-80.25,14.88,24.67,89.98,149.99,-94.8,39.55,-0.71,1.87,-.-,----,-.--,-.--,-.-,-.-,-.-,-.-,-.--,-.--,-.--,-.--,-.--,-.--,-.-,-.--,0.00,-.--,-.--,-.--,-.--,-.-,-.--,0.00,-.--,-.--,15.40,10.01,0.77,1.24,0.45,0.79,0.64,0.70,7.87,6.93,0.63,06 59.49513551' S,107 33.96959136' E,679.86,0.81,23.07.2024,09:50:14.483,7,OK,GPS,0.91,1.68,1.60,56,500,WIDE,LLZ,Auto:Low Noise,-.-,-.-,-.-,FIXED,OFF,OFF,25KHZ,3KHZ,-.---,-.---,0,-,0,
1,  I    V,145,23.07.2024,16:49:28.342,110.7000,0.0466,-.----,-.----,-80.35,14.50,25.04,90.01,150.02,-101.9,39.54,1.08,1.63,-.-,----,-.--,-.--,-.-,-.-,-.-,-.-,-.--,-.--,-.--,-.--,-.--,-.--,-.-,-.--,0.00,-.--,-.--,-.--,-.--,-.-,-.--,0.00,-.--,-.--,15.32,9.85,0.73,1.38,0.52,0.80,0.62,0.89,8.11,7.83,0.49,06 59.49512051' S,107 33.96955136' E,679.71,0.80,23.07.2024,09:50:14.983,7,OK,GPS,0.91,1.68,1.60,56,500,WIDE,LLZ,Auto:Low Noise,-.-,-.-,-.-,FIXED,OFF,OFF,25KHZ,3KHZ,-.---,-.---,0,-,0,
1,  I    V,146,23.07.2024,16:49:28.842,110.7000,0.0467,-.----,-.----,-80.40,14.27,25.57,89.98,150.00,-109.4,39.84,-1.28,1.83,-.-,----,-.--,-.--,-.-,-.-,-.-,-.-,-.--,-.--,-.--,-.--,-.--,-.--,-.-,-.--,0.00,-.--,-.--,-.--,-.--,-.-,-.--,0.00,-.--,-.--,15.39,9.83,0.53,1.29,0.60,0.59,0.66,0.75,7.91,6.62,0.76,06 59.49510551' S,107 33.96949653' E,679.70,0.84,23.07.2024,09:50:15.483,7,OK,GPS,0.91,1.68,1.60,56,500,WIDE,LLZ,Auto:Low Noise,-.-,-.-,-.-,FIXED,OFF,OFF,25KHZ,3KHZ,-.---,-.---,0,-,0,
1,  I    V,147,23.07.2024,16:49:29.342,110.7000,0.0466,-.----,-.----,-80.66,14.00,25.82,89.98,150.00,-114.4,39.82,-1.34,1.67,-.-,----,-.--,-.--,-.-,-.-,-.-,-.-,-.--,-.--,-.--,-.--,-.--,-.--,-.-,-.--,0.00,-.--,-.--,-.--,-.--,-.-,-.--,0.00,-.--,-.--,15.52,10.26,0.55,1.31,0.47,0.73,0.62,0.63,7.65,6.65,0.61,06 59.49509051' S,107 33.96945153' E,679.60,0.84,23.07.2024,09:50:15.983,7,OK,GPS,0.91,1.68,1.60,55,500,WIDE,LLZ,Auto:Low Noise,-.-,-.-,-.-,FIXED,OFF,OFF,25KHZ,3KHZ,-.---,-.---,0,-,0,
1,  I    V,148,23.07.2024,16:49:29.842,110.7000,0.0466,-.----,-.----,-80.66,13.86,26.18,90.00,150.00,-119.2,40.03,0.51,1.59,-.-,----,-.--,-.--,-.-,-.-,-.-,-.-,-.--,-.--,-.--,-.--,-.--,-.--,-.-,-.--,0.00,-.--,-.--,-.--,-.--,-.-,-.--,0.00,-.--,-.--,16.05,10.76,0.58,1.20,0.62,0.66,0.72,0.58,9.10,5.99,0.62,06 59.49541660' S,107 33.96918408' E,680.39,0.20,23.07.2024,09:50:16.483,7,OK,GPS,0.91,1.68,1.60,55,500,WIDE,LLZ,Auto:Low Noise,-.-,-.-,-.-,FIXED,OFF,OFF,25KHZ,3KHZ,-.---,-.---,0,-,0,
1,  I    V,149,23.07.2024,16:49:30.342,110.7000,0.0466,-.----,-.----,-80.72,13.31,26.27,90.00,150.00,-125.4,39.58,-1.23,1.75,-.-,----,-.--,-.--,-.-,-.-,-.-,-.-,-.--,-.--,-.--,-.--,-.--,-.--,-.-,-.--,0.00,-.--,-.--,-.--,-.--,-.-,-.--,0.00,-.--,-.--,15.78,10.38,0.54,1.50,0.44,0.65,0.62,0.87,7.42,7.37,0.62,06 59.49551660' S,107 33.96906408' E,680.59,-0.01,23.07.2024,09:50:16.983,7,OK,GPS,0.91,1.68,1.60,55,500,WIDE,LLZ,Auto:Low Noise,-.-,-.-,-.-,FIXED,OFF,OFF,25KHZ,3KHZ,-.---,-.---,0,-,0,
1,  I   MV,150,23.07.2024,16:49:30.842,110.7000,0.0466,-.----,-.----,-80.79,13.10,26.39,90.00,150.00,-128.6,39.49,0.89,1.72,-.-,----,-.--,-.--,-.-,-.-,-.-,-.-,-.--,-.--,-.--,-.--,-.--,-.--,-.-,-.--,0.00,-.--,-.--,-.--,-.--,-.-,-.--,0.00,-.--,-.--,15.70,10.56,0.59,1.16,0.52,0.75,0.65,0.87,8.79,6.66,0.54,06 59.49517170' S,107 33.96931483' E,680.20,0.27,23.07.2024,09:50:17.483,7,OK,GPS,0.91,1.68,1.60,55,500,WIDE,LLZ,Auto:Low Noise,-.-,-.-,-.-,FIXED,OFF,OFF,25KHZ,3KHZ,-.---,-.---,0,-,0,
1,  I    V,151,23.07.2024,16:49:31.342,110.7000,0.0466,-.----,-.----,-80.93,13.15,26.75,90.02,150.00,-131.6,39.90,1.26,1.79,-.-,----,-.--,-.--,-.-,-.-,-.-,-.-,-.--,-.--,-.--,-.--,-.--,-.--,-.-,-.--,0.00,-.--,-.--,-.--,-.--,-.-,-.--,0.00,-.--,-.--,16.14,10.82,0.52,1.02,0.62,0.67,0.56,0.66,8.60,5.51,0.58,06 59.49512170' S,107 33.96931983' E,680.20,0.23,23.07.2024,09:50:17.983,7,OK,GPS,0.91,1.68,1.60,56,500,WIDE,LLZ,Auto:Low Noise,-.-,-.-,-.-,FIXED,OFF,OFF,25KHZ,3KHZ,-.---,-.---,0,-,0,
1,  I    V,152,23.07.2024,16:49:31.842,110.7000,0.0467,-.----,-.----,-80.94,12.81,26.62,90.01,150.01,-133.6,39.43,-1.36,1.59,-.-,----,-.--,-.--,-.-,-.-,-.-,-.-,-.--,-.--,-.--,-.--,-.--,-.--,-.-,-.--,0.00,-.--,-.--,-.--,-.--,-.-,-.--,0.00,-.--,-.--,15.99,10.71,0.61,1.28,0.55,0.68,0.46,0.77,8.04,6.48,0.66,06 59.49566490' S,107 33.96947313' E,679.90,0.89,23.07.2024,09:50:18.483,7,OK,GPS,0.91,1.68,1.60,56,500,WIDE,LLZ,Auto:Low Noise,-.-,-.-,-.-,FIXED,OFF,OFF,25KHZ,3KHZ,-.---,-.---,0,-,0,
1,  I    V,153,23.07.2024,16:49:32.342,110.7000,0.0466,-.----,-.----,-80.95,12.67,26.92,90.00,149.99,-137.9,39.59,0.02,1.58,-.-,----,-.--,-.--,-.-,-.-,-.-,-.-,-.--,-.--,-.--,-.--,-.--,-.--,-.-,-.--,0.00,-.--,-.--,-.--,-.--,-.-,-.--,0.00,-.--,-.--,16.11,11.08,0.71,1.07,0.56,0.80,0.50,0.98,9.44,6.44,0.84,06 59.49581490' S,107 33.96952813' E,679.80,1.08,23.07.2024,09:50:18.983,7,OK,GPS,0.91,1.68,1.60,56,500,WIDE,LLZ,Auto:Low Noise,-.-,-.-,-.-,FIXED,OFF,OFF,25KHZ,3KHZ,-.---,-.---,0,-,0,
1,  I    V,154,23.07.2024,16:49:32.842,110.7000,0.0448,-.----,-.----,-81.89,14.62,26.93,93.84,150.00,-119.1,41.55,-1.41,1.91,-.-,----,-.--,-.--,-.-,-.-,-.-,-.-,-.--,-.--,-.--,-.--,-.--,-.--,-.-,-.--,0.00,-.--,-.--,-.--,-.--,-.-,-.--,0.00,-.--,-.--,15.68,14.56,1.05,0.86,0.59,0.79,0.65,0.80,15.06,5.79,1.75,06 59.49560898' S,107 33.96933102' E,680.15,0.70,23.07.2024,09:50:19.483,7,OK,GPS,0.91,1.68,1.60,56,500,WIDE,LLZ,Auto:Low Noise,-.-,-.-,-.-,FIXED,OFF,OFF,25KHZ,3KHZ,-.---,-.---,0,-,0,
1,  I   MV,155,23.07.2024,16:49:33.342,110.7000,0.0486,-.----,-.----,-80.78,14.95,26.82,94.16,150.00,-114.9,41.77,-59.69,2.24,-.-,----,-.--,-.--,-.-,-.-,-.-,-.-,-.--,-.--,-.--,-.--,-.--,-.--,-.-,-.--,0.00,-.--,-.--,-.--,-.--,-.-,-.--,0.00,-.--,-.--,15.74,19.17,0.86,1.72,0.59,0.76,0.70,0.54,12.34,7.73,1.38,06 59.49563898' S,107 33.96930102' E,680.20,0.70,23.07.2024,09:50:19.983,7,OK,GPS,0.91,1.68,1.60,55,500,WIDE,LLZ,Auto:Low Noise,-.-,-.-,-.-,FIXED,OFF,OFF,25KHZ,3KHZ,-.---,-.---,0,-,0,
1,  I    V,156,23.07.2024,16:49:33.842,110.7000,0.0465,-.----,-.----,-79.27,12.75,26.97,90.03,150.00,-137.6,39.71,-1.88,1.50,-.-,----,-.--,-.--,-.-,-.-,-.-,-.-,-.--,-.--,-.--,-.--,-.--,-.--,-.-,-.--,0.00,-.--,-.--,-.--,-.--,-.-,-.--,0.00,-.--,-.--,9.97,8.37,0.74,1.46,0.40,0.70,0.84,0.66,10.50,6.70,0.85,06 59.49552068' S,107 33.96934517' E,680.40,0.43,23.07.2024,09:50:20.483,7,OK,GPS,0.91,1.68,1.60,55,500,WIDE,LLZ,Auto:Low Noise,-.-,-.-,-.-,FIXED,OFF,OFF,25KHZ,3KHZ,-.---,-.---,0,-,0,
1,  I    V,157,23.07.2024,16:49:34.342,110.7000,0.0468,-.----,-.----,-77.41,12.90,26.92,90.00,150.00,-135.6,39.82,0.68,1.30,-.-,----,-.--,-.--,-.-,-.-,-.-,-.-,-.--,-.--,-.--,-.--,-.--,-.--,-.-,-.--,0.00,-.--,-.--,-.--,-.--,-.-,-.--,0.00,-.--,-.--,10.52,9.11,0.45,0.73,0.38,0.40,0.43,0.51,6.48,3.80,0.67,06 59.49550068' S,107 33.96934017' E,680.50,0.33,23.07.2024,09:50:20.983,7,OK,GPS,0.91,1.68,1.60,55,500,WIDE,LLZ,Auto:Low Noise,-.-,-.-,-.-,FIXED,OFF,OFF,25KHZ,3KHZ,-.---,-.---,0,-,0,
1,  I    V,158,23.07.2024,16:49:34.842,110.7000,0.0466,-.----,-.----,-78.44,12.84,26.73,90.03,150.00,-134.4,39.57,0.47,1.41,-.-,----,-.--,-.--,-.-,-.-,-.-,-.-,-.--,-.--,-.--,-.--,-.--,-.--,-.-,-.--,0.00,-.--,-.--,-.--,-.--,-.-,-.--,0.00,-.--,-.--,8.99,8.20,0.45,0.92,0.30,0.71,0.50,0.47,6.43,4.98,0.54,06 59.49525823' S,107 33.96976524' E,680.89,0.97,23.07.2024,09:50:21.483,7,OK,GPS,0.91,1.68,1.60,55,500,WIDE,LLZ,Auto:Low Noise,-.-,-.-,-.-,FIXED,OFF,OFF,25KHZ,3KHZ,-.---,-.---,0,-,0,
1,  I    V,159,23.07.2024,16:49:35.342,110.7000,0.0507,-.----,-.----,-84.18,13.50,26.15,90.03,150.01,-122.4,39.65,57.68,2.08,-.-,----,-.--,-.--,-.-,-.-,-.-,-.-,-.--,-.--,-.--,-.--,-.--,-.--,-.-,-.--,0.00,-.--,-.--,-.--,-.--,-.-,-.--,0.00,-.--,-.--,25.02,28.40,1.21,2.45,1.05,1.14,0.89,1.05,17.98,11.46,1.00,06 59.49516323' S,107 33.96990524' E,681.09,1.13,23.07.2024,09:50:21.983,7,OK,GPS,0.91,1.68,1.60,55,500,WIDE,LLZ,Auto:Low Noise+,-.-,-.-,-.-,FIXED,OFF,OFF,25KHZ,3KHZ,-.---,-.---,0,-,0,
1,  I    V,160,23.07.2024,16:49:35.842,110.7000,0.0465,-.----,-.----,-79.27,12.72,27.07,90.01,150.00,-138.9,39.78,-2.12,2.16,-.-,----,-.--,-.--,-.-,-.-,-.-,-.-,-.--,-.--,-.--,-.--,-.--,-.--,-.-,-.--,0.00,-.--,-.--,-.--,-.--,-.-,-.--,0.00,-.--,-.--,13.88,12.03,0.43,0.58,0.49,0.58,0.62,0.56,8.07,3.95,0.48,06 59.49527585' S,107 33.96982279' E,681.00,1.16,23.07.2024,09:50:22.483,7,OK,GPS,0.91,1.68,1.60,56,500,WIDE,LLZ,Auto:Low Noise+,-.-,-.-,-.-,FIXED,OFF,OFF,25KHZ,3KHZ,-.---,-.---,0,-,0,
1,  I    V,161,23.07.2024,16:49:36.342,110.7000,0.0466,-.----,-.----,-79.12,12.88,27.05,89.95,150.00,-137.1,39.94,0.11,1.38,-.-,----,-.--,-.--,-.-,-.-,-.-,-.-,-.--,-.--,-.--,-.--,-.--,-.--,-.-,-.--,0.00,-.--,-.--,-.--,-.--,-.-,-.--,0.00,-.--,-.--,7.85,8.88,0.49,0.77,0.42,0.63,0.64,0.67,7.67,4.63,0.50,06 59.49525085' S,107 33.96988779' E,681.10,1.27,23.07.2024,09:50:22.983,7,OK,GPS,0.91,1.68,1.60,56,500,WIDE,LLZ,Auto:Low Noise+,-.-,-.-,-.-,FIXED,OFF,OFF,25KHZ,3KHZ,-.---,-.---,0,-,0,
1,  I    V,162,23.07.2024,16:49:36.842,110.7000,0.0467,-.----,-.----,-83.25,12.53,26.67,90.04,149.99,-136.8,39.20,0.43,2.46,-.-,----,-.--,-.--,-.-,-.-,-.-,-.-,-.--,-.--,-.--,-.--,-.--,-.--,-.-,-.--,0.00,-.--,-.--,-.--,-.--,-.-,-.--,0.00,-.--,-.--,12.85,12.72,0.78,1.87,0.65,1.00,0.94,1.32,12.18,9.81,0.65,06 59.49513687' S,107 33.97013075' E,681.05,1.36,23.07.2024,09:50:23.483,7,OK,GPS,0.91,1.68,1.60,56,500,WIDE,LLZ,Auto:Low Noise+,-.-,-.-,-.-,FIXED,OFF,OFF,25KHZ,3KHZ,-.---,-.---,0,-,0,
1,  I    V,163,23.07.2024,16:49:37.342,110.7000,0.0481,-.----,-.----,-84.25,12.57,26.44,90.03,149.99,-134.3,39.01,-0.72,2.71,-.-,----,-.--,-.--,-.-,-.-,-.-,-.-,-.--,-.--,-.--,-.--,-.--,-.--,-.-,-.--,0.00,-.--,-.--,-.--,-.--,-.-,-.--,0.00,-.--,-.--,19.85,18.38,0.95,3.47,0.66,1.08,1.08,1.69,14.21,15.55,0.92,06 59.49508187' S,107 33.97025575' E,681.10,1.47,23.07.2024,09:50:23.983,7,OK,GPS,0.91,1.68,1.60,56,500,WIDE,LLZ,Auto:Low Noise+,-.-,-.-,-.-,FIXED,OFF,OFF,25KHZ,3KHZ,-.---,-.---,0,-,0,
1,  I    V,164,23.07.2024,16:49:37.842,110.7000,0.0461,-.----,-.----,-86.40,13.87,26.08,90.17,150.00,-118.2,39.95,-1.65,3.33,-.-,----,-.--,-.--,-.-,-.-,-.-,-.-,-.--,-.--,-.--,-.--,-.--,-.--,-.-,-.--,0.00,-.--,-.--,-.--,-.--,-.-,-.--,0.00,-.--,-.--,31.50,38.71,1.25,6.06,0.82,1.10,1.33,2.10,24.31,25.17,1.54,06 59.49508619' S,107 33.96972823' E,681.44,0.22,23.07.2024,09:50:24.483,7,OK,GPS,0.91,1.68,1.60,55,500,WIDE,LLZ,Auto:Low Noise+,-.-,-.-,-.-,FIXED,OFF,OFF,25KHZ,3KHZ,-.---,-.---,0,-,0,
1,  I   MV,165,23.07.2024,16:49:38.342,110.7000,0.0680,-.----,-.----,-88.08,13.74,26.66,94.01,150.00,-125.0,40.41,58.68,3.96,-.-,----,-.--,-.--,-.-,-.-,-.-,-.-,-.--,-.--,-.--,-.--,-.--,-.--,-.-,-.--,0.00,-.--,-.--,-.--,-.--,-.-,-.--,0.00,-.--,-.--,69.19,80.76,1.62,6.89,1.24,1.54,1.31,2.30,30.41,28.16,1.84,06 59.49505119' S,107 33.96963323' E,681.59,-0.12,23.07.2024,09:50:24.983,7,OK,GPS,0.91,1.68,1.60,55,500,WIDE,LLZ,Auto:Low Noise+,-.-,-.-,-.-,FIXED,OFF,OFF,25KHZ,3KHZ,-.---,-.---,0,-,0,
1,  I   MV,166,23.07.2024,16:49:38.842,110.7000,0.1103,-.----,-.----,-89.57,13.21,25.18,90.00,150.02,-115.9,38.39,-58.67,3.57,-.-,----,-.--,-.--,-.-,-.-,-.-,-.-,-.--,-.--,-.--,-.--,-.--,-.--,-.-,-.--,0.00,-.--,-.--,-.--,-.--,-.-,-.--,0.00,-.--,-.--,129.50,148.20,1.41,7.07,1.59,1.49,1.06,2.56,37.08,30.93,2.23,06 59.49547592' S,107 33.96950857' E,680.86,0.46,23.07.2024,09:50:25.483,7,OK,GPS,0.91,1.68,1.60,55,500,WIDE,LLZ,Auto:Low Noise+,-.-,-.-,-.-,FIXED,OFF,OFF,25KHZ,3KHZ,-.---,-.---,0,-,0,
1,  I    V,167,23.07.2024,16:49:39.342,110.7000,0.0826,-.----,-.----,-91.71,13.06,22.56,98.11,150.02,-91.9,35.62,0.99,4.92,-.-,----,-.--,-.--,-.-,-.-,-.-,-.-,-.--,-.--,-.--,-.--,-.--,-.--,-.-,-.--,0.00,-.--,-.--,-.--,-.--,-.-,-.--,0.00,-.--,-.--,192.14,218.45,2.38,8.13,1.41,1.65,1.75,3.10,48.36,40.17,2.68,06 59.49559592' S,107 33.96940357' E,680.71,0.43,23.07.2024,09:50:25.983,7,OK,GPS,0.91,1.68,1.60,55,500,WIDE,LLZ,Auto:Low Noise+,-.-,-.-,-.-,FIXED,OFF,OFF,25KHZ,3KHZ,-.---,-.---,0,-,0,
1,  I   MV,168,23.07.2024,16:49:39.842,110.7000,0.1062,-.----,-.----,-91.91,13.69,21.83,98.12,149.97,-78.8,35.52,3.97,6.26,-.-,----,-.--,-.--,-.-,-.-,-.-,-.-,-.--,-.--,-.--,-.--,-.--,-.--,-.-,-.--,0.00,-.--,-.--,-.--,-.--,-.-,-.--,0.00,-.--,-.--,333.26,327.69,2.81,8.48,1.47,2.66,2.02,2.54,43.54,43.25,2.94,06 59.49549347' S,107 33.96944687' E,680.70,0.56,23.07.2024,09:50:26.483,7,OK,GPS,0.91,1.68,1.60,56,500,WIDE,LLZ,Auto:Low Noise+,-.-,-.-,-.-,FIXED,OFF,OFF,25KHZ,3KHZ,-.---,-.---,0,-,0,
1,  I     ,169,23.07.2024,16:49:40.342,110.7000,0.0946,-.----,-.----,-90.90,14.05,22.43,-.--,-.--,-81.1,36.48,-.--,4.74,-.-,----,-.--,-.--,-.-,-.-,-.-,-.-,-.--,-.--,-.--,-.--,-.--,-.--,-.-,-.--,0.00,-.--,-.--,-.--,-.--,-.-,-.--,0.00,-.--,-.--,204.96,171.04,1.70,6.73,1.41,2.19,1.61,2.98,30.85,35.14,1.84,06 59.49553847' S,107 33.96939187' E,680.60,0.58,23.07.2024,09:50:26.983,7,OK,GPS,0.91,1.68,1.60,56,500,WIDE,LLZ,Auto:Low Noise+,-.-,-.-,-.-,FIXED,OFF,OFF,25KHZ,3KHZ,-.---,-.---,0,-,0,
1,  I   M ,170,23.07.2024,16:49:40.842,110.7000,0.0382,-.----,-.----,-90.01,15.73,22.96,-.--,-.--,-70.0,38.70,-.--,4.89,-.-,----,-.--,-.--,-.-,-.-,-.-,-.-,-.--,-.--,-.--,-.--,-.--,-.--,-.-,-.--,0.00,-.--,-.--,-.--,-.--,-.-,-.--,0.00,-.--,-.--,150.37,152.23,2.00,7.16,1.29,1.85,1.57,1.98,28.78,33.88,2.19,06 59.49533136' S,107 33.96927755' E,680.36,-0.04,23.07.2024,09:50:27.483,7,OK,GPS,0.91,1.68,1.60,56,500,WIDE,LLZ,Auto:Low Noise+,-.-,-.-,-.-,FIXED,OFF,OFF,25KHZ,3KHZ,-.---,-.---,0,-,0,
1,  I   M ,171,23.07.2024,16:49:41.342,110.7000,0.0831,-.----,-.----,-90.14,13.95,22.66,-.--,-.--,-84.3,36.61,-.--,5.28,-.-,----,-.--,-.--,-.-,-.-,-.-,-.-,-.--,-.--,-.--,-.--,-.--,-.--,-.-,-.--,0.00,-.--,-.--,-.--,-.--,-.-,-.--,0.00,-.--,-.--,184.09,157.75,1.49,7.48,1.29,1.81,1.94,2.71,38.41,36.52,1.97,06 59.49529136' S,107 33.96920255' E,680.21,-0.24,23.07.2024,09:50:27.983,7,OK,GPS,0.91,1.68,1.60,56,500,WIDE,LLZ,Auto:Low Noise+,-.-,-.-,-.-,FIXED,OFF,OFF,25KHZ,3KHZ,-.---,-.---,0,-,0,
1,  I   M ,172,23.07.2024,16:49:41.841,110.7000,0.0644,-.----,-.----,-90.31,14.21,22.96,-.--,-.--,-84.7,37.17,-.--,5.97,-.-,----,-.--,-.--,-.-,-.-,-.-,-.-,-.--,-.--,-.--,-.--,-.--,-.--,-.-,-.--,0.00,-.--,-.--,-.--,-.--,-.-,-.--,0.00,-.--,-.--,157.57,169.36,1.49,7.28,1.17,2.09,1.37,2.77,32.97,35.97,2.19,06 59.49467346' S,107 33.96939446' E,680.94,1.58,23.07.2024,09:50:28.482,6,OK,GPS,1.07,1.81,1.60,56,500,WIDE,LLZ,Auto:Low Noise+,-.-,-.-,-.-,FIXED,OFF,OFF,25KHZ,3KHZ,-.---,-.---,0,-,0,
1,  I   M ,173,23.07.2024,16:49:42.341,110.7000,0.0687,-.----,-.----,-90.79,14.23,21.64,-.--,-.--,-71.6,35.87,-.--,5.43,-.-,----,-.--,-.--,-.-,-.-,-.-,-.-,-.--,-.--,-.--,-.--,-.--,-.--,-.-,-.--,0.00,-.--,-.--,-.--,-.--,-.-,-.--,0.00,-.--,-.--,180.63,182.92,2.01,8.62,1.92,2.22,1.83,2.49,44.93,43.72,2.22,06 59.49443846' S,107 33.96940946' E,681.09,2.07,23.07.2024,09:50:28.982,6,OK,GPS,1.07,1.81,1.60,56,500,WIDE,LLZ,Auto:Low Noise+,-.-,-.-,-.-,FIXED,OFF,OFF,25KHZ,3KHZ,-.---,-.---,0,-,0,
